sensor,line,station,sensor_uuid,min,max,min_col,max_col
L14_Final_03_1_2,L14_Final,L14_Final_03,e8e8d701-68b9-4d08-a110-a7c1d06b1d9e,,,,
as&c_1_op_230_press_diff_cup_____cup_mid_stroke_force_cover_side_min___,as&c_1,op_230,3511ae60-16d5-499b-ba4a-df5810322603,,,,
as&c_1_op_230_press_diff_cup_____bottom_out_force_housing_side____,as&c_1,op_230,af207fb8-bd36-4c3a-88e4-80a09cf5e89b,,,,
as&c_1_op_110_press_pinion_assembly_____mid_stroke_force_tail_bearing_min___,as&c_1,op_110,0a3f0f02-094f-4c28-9f49-2ab56e706e44,,,,
as&c_1_op_110_press_pinion_assembly_____mid_stroke_force_tail_bearing_max___,as&c_1,op_110,e096a014-38b9-4404-a821-b9e774fe5ab6,,,,
as&c_1_op_110_press_pinion_assembly_____mid_stroke_force_flange_max___,as&c_1,op_110,a18b29ca-561f-4c6c-86e4-a44d1d58eb4e,,,,
as&c_1_op_110_press_pinion_assembly_____force_seal_press____,as&c_1,op_110,a236daf0-b8ae-4858-9d31-8758fe21fc96,,,,
as&c_1_op_270_rundown_cover_bolt_____torque_bolt_9____,as&c_1,op_270,aeb559c1-ffce-4151-9b01-5d45abff6a31,,,,
as&c_1_op_270_rundown_cover_bolt_____torque_bolt_7____,as&c_1,op_270,f58b5ab7-dcd3-4b1d-926b-f42954f16af2,,,,
as&c_1_op_270_rundown_cover_bolt_____angle_bolt_11____,as&c_1,op_270,25b8f42a-18dc-4070-8f34-49637fdcc95c,,,,
as&c_1_op_020_pallet_load_gear_____thickness_pinion_head____,as&c_1,op_020,6a5baad9-6a6a-474a-8cba-af97ca4c01ef,,,,
as&c_1_op_100_press_pinion_cup_____press_depth_____,as&c_1,op_100,670bf71f-480a-4ca3-8e0d-c07db60fe430,,,,
as&c_1_op_200_press_ring_gear_and_diff_bearing_____bottom_out_force_upper_bearing____,as&c_1,op_200,1895fdfb-f244-4069-8efb-ad85b64463e3,,,,
as&c_1_op_210_rundown_ring_gear_____torque_bolt_4____,as&c_1,op_210,5c76a145-76b6-4bdd-bff4-5eace9f8d58f,,,,
as&c_1_op_210_rundown_ring_gear_____torque_bolt_3____,as&c_1,op_210,b4d27fbc-6a80-4d3a-87eb-f4bb35938f38,,,,
as&c_1_op_210_rundown_ring_gear_____torque_bolt_10____,as&c_1,op_210,4ad9427e-7e96-4da2-aa9d-0aa5e33624fb,,,,
as&c_1_op_210_rundown_ring_gear_____angle_bolt_8____,as&c_1,op_210,a690253e-4bac-489d-9641-365cdaa97a9e,,,,
as&c_1_op_210_rundown_ring_gear_____angle_bolt_2____,as&c_1,op_210,909b9448-4cec-4a00-b947-9af54da2c5ca,,,,
as&c_1_op_080_gauge_pinion_head_height_____absolute_value_of_pinion_height_1____,as&c_1,op_080,c6219ede-6313-49b1-8ee9-5d8fa47a5249,,,,
as&c_1_op_180_balance______sort_key_____,as&c_1,op_180,0f340bd2-4e64-45b3-bdba-8ac17d6079ad,,,,
as&c_1_op_180_balance______depth_hole_4____,as&c_1,op_180,0e32251f-ab4e-4bac-8964-c4414de12ea6,,,,
as&c_1_op_180_balance______depth_hole_1____,as&c_1,op_180,6166075d-6da9-47ee-a1b1-d5cbfa2f4eeb,,,,
as&c_1_op_180_balance______angle_hole_9____,as&c_1,op_180,ee9d7b44-acc2-4328-bbe8-fac673da4626,,,,
as&c_1_op_180_balance______angle_hole_4____,as&c_1,op_180,3669f4a9-ff97-4ab0-ac6a-10b35dc2f3e6,,,,
as&c_1_op_180_balance______angle_hole_2____,as&c_1,op_180,8c8f2343-5847-4499-bf34-6a8440309cca,,,,
as&c_1_op_180_balance______angle_hole_1____,as&c_1,op_180,5797d135-d65e-4c8a-b470-25d3317f598b,,,,
as&c_1_op_340_nvh______first_harmonic_negative_150____,as&c_1,op_340,695faa42-d2d6-4af2-8174-e551840e24c1,,,,
as&c_1_op_310_rundown_plug_____torque_damper____,as&c_1,op_310,e3838030-5be5-4bd4-bd8d-da1605c1eb42,,,,
as&c_1_op_280_gauge_backlash_____torque_total____,as&c_1,op_280,53b2ab60-37b6-4048-8615-b7953fe99c4c,,,,
as&c_1_op_280_gauge_backlash_____torque_pinion____,as&c_1,op_280,93a06983-be36-437b-b669-eb24ebd55a17,,,,
as&c_1_op_280_gauge_backlash_____torque_diff____,as&c_1,op_280,9d0789cd-f483-4608-83b0-569bed83a027,,,,
as&c_1_op_280_gauge_backlash_____backlash_mean____,as&c_1,op_280,87bdcc8b-097f-4dc4-b4e1-1d0992a0e618,,,,
as&c_1_op_320_press_seal_____mid_stroke_force_seal_max___,as&c_1,op_320,26b09a25-184b-42fe-85c9-ea9842f97c7b,,,,
700_line_op_120_runout_pinion_system_____composite_____,700_line,op_120,e4c5d416-824d-46db-9648-30ce5770ca0f,,,,
700_line_op_100_press_companion_flange_____description_model_type____,700_line,op_100,0518e98b-a62e-45b4-8f6b-10d57ab6d1c3,,,,
700_line_op_100_press_companion_flange_____login_name____,700_line,op_100,485e414d-eac8-468b-994d-5e2a772558d9,,,,
700_line_op_120_runout_pinion_system_limit____face_min____,700_line,op_120,c8b8d6e3-6e7e-4275-8b34-f655d7b9f543,,,,
700_line_op_120_gage_pinion_system_____pass/fail_____,700_line,op_120,16f6d131-82ef-4286-8d82-6b26596f0e72,,,,
cd4_loop_1_op_1040_gage_pinion_system_____height_____,cd4_loop_1,op_1040,d3350c6b-86a6-4f1b-9a57-665d7ebcf108,,,,
cd4_loop_1_op_1060_gage_diff_assembly_____volume_tail_bearing_graphite_target___,cd4_loop_1,op_1060,b8dc5565-e377-4549-976e-5fd0a2830a5b,,,,
cd4_loop_1_op_1060_gage_diff_assembly_____force_preload_force_max_limit___,cd4_loop_1,op_1060,b1a1174a-7243-4a9c-8d04-585f378fb47a,,,,
cd4_loop_1_op_1060_gage_diff_assembly_____force_diff_brg_setting_force____,cd4_loop_1,op_1060,9463d3b5-429c-42cb-aee4-d2033ea3f27e,,,,
cd4_loop_1_op_1020_press_ring_gear_____distance_ring_gear_min_limit___,cd4_loop_1,op_1020,b355a8ed-daea-4e23-adf5-246d9a838cd9,,,,
cd4_loop_1_op_1020_press_bearing_cone____initial_distance_lower_bearing_gear_side_min_limit__,cd4_loop_1,op_1020,0cebfa81-85d4-4764-aa68-39c5c5831735,,,,
cd4_loop_1_op_1020_press_bearing_cone____force_diff_bearing_pinion_side___,cd4_loop_1,op_1020,85e83142-9b5f-40e3-9b17-905d3021ded1,,,,
cd4_loop_1_op_1020_load_ring_gear_j_dev____distance_j_dev_gear___,cd4_loop_1,op_1020,8a4dd011-c554-4bd8-960d-8bfd87dee61b,,,,
cd4_loop_1_op_1020_press_ring_gear_____initial_force_ring_gear____,cd4_loop_1,op_1020,9abf0728-6789-404e-b469-0fd0d385d518,,,,
cd4_loop_1_op_1020_press_bearing_cone____distance_diff_bearing_gear_side___,cd4_loop_1,op_1020,8fe6ca2f-61fc-4573-bfe7-17863e2702bf,,,,
cd4_loop_1_op_1050_fastener_ring_gear_bolt_____pass/fail_____,cd4_loop_1,op_1050,0b6b695b-4b13-427b-b59c-fbd113cd38b9,,,,
cd4_loop_1_op_1050_fastener_ring_gear_bolt_____angle_ring_gear_max_limit___,cd4_loop_1,op_1050,9f7bc719-e3f9-4b42-9990-39496ed1920b,,,,
cd4_loop_1_op_1050_fastener_ring_gear_bolt_____torque_ring_gear_10____,cd4_loop_1,op_1050,374c8840-5d9b-4a8a-864d-b1a23914ed52,,,,
cd4_loop_1_op_1050_fastener_ring_gear_bolt_____torque_ring_gear_6____,cd4_loop_1,op_1050,e3282704-f7ae-43d6-a8d7-06532cf5a4bf,,,,
cd4_loop_1_op_1050_fastener_ring_gear_bolt_____angle_ring_gear_7____,cd4_loop_1,op_1050,5ebb71a7-f7d0-4165-b85b-416346674f35,,,,
cd4_loop_1_op_1030_press_head_bearing_cone_____distance_max_limit____,cd4_loop_1,op_1030,bc8a704b-cb68-4f99-85b9-2ebdad86675e,,,,
cd4_loop_1_op_1100a_press_pinion_seal_____force_pinion_seal____,cd4_loop_1,op_1100a,b8dfa82a-2da3-4d91-9cd0-833d91340f82,,,,
L14_Final_06_1_2,L14_Final,L14_Final_06,9ef4d71b-6d62-44d8-9796-3bbdcc8d3130,,,,
as&c_1_op_120_rundown_pinion_preload_____torque_nut____,as&c_1,op_120,1d20e74b-0eb4-44d5-bb30-e66071139c3e,,,,
as&c_1_op_220_measurement_backlash_____pinion_cup_to_ring_gear_backface_vgage____,as&c_1,op_220,d815b218-ac45-4647-831f-65baf68d1d6a,,,,
as&c_1_op_220_measurement_backlash_____gear_cup_to_ring_gear_backface_vgage____,as&c_1,op_220,0eb31e56-26f5-49a3-a005-f9de1dd9ab6a,,,,
as&c_1_op_220_measurement_backlash_____cup_to_cup_distance_vgage____,as&c_1,op_220,6760efde-e186-4f5c-bd72-cb2af2d8e5b6,,,,
as&c_1_op_030_press_pinion_head_bearing_____bottom_out_position_____,as&c_1,op_030,ac139f43-a07f-49ba-9d0d-665daab024db,,,,
as&c_1_op_230_press_diff_cup_____bottom_out_position_housing_side____,as&c_1,op_230,9e00ffad-30f3-429f-bcf3-c6076f6c9002,,,,
as&c_1_op_230_press_diff_cup_____bearing_torque_vgage____,as&c_1,op_230,13b9462b-1f91-43ea-8d33-2cf3dc65a740,,,,
as&c_1_op_060_pallet_load_carrier_and_cover_____diff_lower_bearing_diameter_housing____,as&c_1,op_060,5bbaade1-f99e-4152-bc3c-da2e6a4a3211,,,,
as&c_1_op_060_pallet_load_carrier_and_cover_____center_bore_to_shim_surface_housing____,as&c_1,op_060,4d68bc0e-a920-4b50-a623-9098a07d2223,,,,
as&c_1_op_110_press_pinion_assembly_____depth_tail_bearing____,as&c_1,op_110,e0efc217-d24d-4bca-b59f-9d56b81a4017,,,,
as&c_1_op_110_press_pinion_assembly_____depth_seal_press____,as&c_1,op_110,c6e4de56-f4e5-4957-a8ec-394c26ea93d7,,,,
as&c_1_op_110_press_pinion_assembly_____depth_flange____,as&c_1,op_110,c972e491-bee4-4b97-9a23-4f81ebb9cbcc,,,,
as&c_1_op_270_rundown_cover_bolt_____torque_bolt_3____,as&c_1,op_270,e0fe1f07-c081-4581-85cc-387321ac0f33,,,,
as&c_1_op_270_rundown_cover_bolt_____angle_bolt_9____,as&c_1,op_270,1b1c0137-012a-4153-b9f4-89344fd41369,,,,
as&c_1_op_270_rundown_cover_bolt_____angle_bolt_1____,as&c_1,op_270,01dd9a45-8d4f-4755-8cfe-73c607cae2e1,,,,
as&c_1_op_020_pallet_load_gear_____serial_number_pinion____,as&c_1,op_020,c1989e7f-06c0-4c22-a090-83446868bdff,,,,
as&c_1_op_020_pallet_load_gear_____laser_weld_data_____,as&c_1,op_020,108fbdd9-5564-4563-8947-67bbea7df181,,,,
as&c_1_op_020_pallet_load_gear_____ratio_____,as&c_1,op_020,aa93bd9b-dccc-410f-852b-3d5dab292994,,,,
as&c_1_op_100_press_pinion_cup_____mid_stroke_force_min____,as&c_1,op_100,7a121028-7e40-4962-a513-fadf39a639dd,,,,
as&c_1_op_100_press_pinion_cup_____mid_stroke_force_max____,as&c_1,op_100,cb0a87a0-f6af-46ad-8cc4-c928741341d4,,,,
as&c_1_op_200_press_ring_gear_and_diff_bearing_____mid_stroke_force_upper_bearing_min___,as&c_1,op_200,65997141-b761-40ef-a12b-248c2022f85d,,,,
as&c_1_op_200_press_ring_gear_and_diff_bearing_____mid_stroke_force_upper_bearing_max___,as&c_1,op_200,73e7c06c-1747-482f-b6b1-22cd31c0075a,,,,
as&c_1_op_200_press_ring_gear_and_diff_bearing_____bottom_out_force_lower_bearing____,as&c_1,op_200,1ecf0f53-cdb1-4b64-b9be-a95ba0b18126,,,,
as&c_1_op_210_rundown_ring_gear_____torque_bolt_5____,as&c_1,op_210,89c3f85b-863f-4354-af59-d073f74090d8,,,,
as&c_1_op_080_gauge_pinion_head_height_____pinion_head_with_bearing_height_loaded____,as&c_1,op_080,e14234df-a6c0-4bb6-971b-81194aa54d26,,,,
as&c_1_op_080_gauge_pinion_head_height_____mean_load_during_measurement_height_2____,as&c_1,op_080,8ca74ecd-f60a-4fc2-86c2-ca642351e771,,,,
as&c_1_op_080_gauge_pinion_head_height_____delta_height_1_and_height_2_____,as&c_1,op_080,b78f628d-6068-4d59-8583-64a1277fd7a6,,,,
as&c_1_op_080_gauge_pinion_head_height_____absolute_value_of_pinion_height_2____,as&c_1,op_080,e67de5f0-cd5f-44b9-8cf3-bb1bab17392b,,,,
as&c_1_op_180_balance______correction_passes_____,as&c_1,op_180,204d5ba4-3332-4948-a0fa-4ad4d9986f81,,,,
as&c_1_op_180_balance______angle_hole_6____,as&c_1,op_180,42049724-561b-42dc-ac53-44de2a32e918,,,,
as&c_1_op_180_balance______angle_hole_5____,as&c_1,op_180,8904798a-6c64-46d1-8355-f005a150411b,,,,
as&c_1_op_180_balance______angle_hole_10____,as&c_1,op_180,bd702e10-001c-4ffd-88f4-bbe4de95197e,,,,
as&c_1_op_120_rundown_pinion_preload_____pallet_number_____,as&c_1,op_120,8131c8a9-03a2-4f72-91dc-4e92468eea95,,,,
as&c_1_op_340_nvh______fundamental_negative_50____,as&c_1,op_340,af588210-b1c7-48fa-b893-7dd64a6a3e21,,,,
as&c_1_op_340_nvh______fundamental_negative_300____,as&c_1,op_340,2a36fb69-dc52-4fdc-b535-6d0c2c00ac39,,,,
as&c_1_op_340_nvh______fundamental_negative_250____,as&c_1,op_340,ff0e108a-0c46-42e1-a98c-a31ff1be544f,,,,
as&c_1_op_340_nvh______fundamental_negative_150____,as&c_1,op_340,c2f6cf8e-e17f-4b4b-9996-91ad509ea483,,,,
as&c_1_op_340_nvh______fundamental_negative_100____,as&c_1,op_340,57b35bd6-3f0f-4c51-9d48-3fc8ee26333b,,,,
as&c_1_op_340_nvh______first_harmonic_positive_150____,as&c_1,op_340,45f824cd-c6e5-4e53-9734-0feebdaaef54,,,,
as&c_1_op_340_nvh______first_harmonic_negative_250____,as&c_1,op_340,9d6d1c02-dbce-4db2-8784-d12e36c42cc2,,,,
as&c_1_op_340_nvh______drive_results_____,as&c_1,op_340,abb612e5-0d8f-48ea-aeec-2914c188a77c,,,,
as&c_1_op_190_gauge_pinion_____drag_torque_____,as&c_1,op_190,bbbef478-7c2e-4927-b179-053d131fa59a,,,,
as&c_1_op_310_rundown_plug_____torque_oil_channel_1____,as&c_1,op_310,8fce97fc-67b7-4503-86d3-2c2ca9c7076c,,,,
as&c_1_op_280_gauge_backlash_____backlash_span____,as&c_1,op_280,1f89f040-20bc-429b-9aad-9c443fbe9b88,,,,
as&c_1_op_320_press_seal_____mid_stroke_force_seal_min___,as&c_1,op_320,8e2d4d55-2d3e-4634-80b9-e2780497e53c,,,,
as&c_1_op_320_press_seal_____mid_stroke_force_needle_bearing_max___,as&c_1,op_320,77a12848-b7e1-4bea-bee7-b7506fc3f89d,,,,
700_line_op_100_press_companion_flange_____distance_mid_stroke_actual___,700_line,op_100,47aaa042-7ebd-4e47-9bf6-b4e41ea5876d,,,,
700_line_op_100_press_companion_flange_____force_final_actual___,700_line,op_100,f196d2b0-8027-431d-8ab8-c342f5a55e86,,,,
700_line_op_100_press_companion_flange_____access_level_____,700_line,op_100,ee0e1ad2-0d5e-4600-a9d8-a2b298d1d753,,,,
700_line_op_110_preload_pinion_bearing_____torque_torque_to_turn____,700_line,op_110,564cf18b-f173-4424-adc4-1ec63aaee11a,,,,
700_line_op_110_load_head_/_tail_bearing_limit___force_preload_min___,700_line,op_110,de625e95-02d1-4f42-b89b-077324ee87c6,,,,
700_line_op_110_preload_pinion_bearing_____pallet_number_____,700_line,op_110,b82e4af9-d92e-43a7-a132-a17abf794e35,,,,
700_line_op_110_preload_pinion_bearing_____description_diff_type____,700_line,op_110,23bf1cfb-5811-484c-aee5-b0616193edd4,,,,
cd4_loop_1_op_1040_gage_pinion_system_____force_target____,cd4_loop_1,op_1040,9ea214e1-2c5d-432d-a5f9-ecf633f9666c,,,,
cd4_loop_1_op_1040_gage_pinion_system_____torque_pinion_brg_ttr_min_limit___,cd4_loop_1,op_1040,78280ca1-cb1d-4360-b673-c503709dbe57,,,,
cd4_loop_1_op_1040_gage_pinion_system_____force_tolerance____,cd4_loop_1,op_1040,e9e3022e-16be-4755-9e7a-8b735291eb6b,,,,
cd4_loop_1_op_1060_gage_diff_assembly_____torque_diff_brg_torque_to_rotate_max_limit___,cd4_loop_1,op_1060,0d253378-e1a7-4d1e-ae6e-b34e8a926bad,,,,
cd4_loop_1_op_1060_gage_diff_assembly_____torque_diff_brg_torque_to_rotate_min_limit___,cd4_loop_1,op_1060,18a527b6-331b-484c-ad7a-8ae2bb459a9e,,,,
cd4_loop_1_op_1060_gage_diff_assembly_____volume_head_bearing_graphite_tolerance___,cd4_loop_1,op_1060,4377c0b9-9135-4fbb-8480-8558b952313b,,,,
cd4_loop_1_op_1020_press_bearing_cone____distance_diff_bearing_gear_side_max_limit__,cd4_loop_1,op_1020,86716c6a-1aa3-4ac3-b270-e2b79616eee4,,,,
cd4_loop_1_op_1020_press_bearing_cone____initial_force_diff_bearing_gear_side_max_limit__,cd4_loop_1,op_1020,8a07cd2a-df18-4017-90d8-87777cae3dca,,,,
cd4_loop_1_op_1020_press_bearing_cone____initial_distance_diff_bearing_gear_side_max_limit__,cd4_loop_1,op_1020,a3f37ff6-3407-4e8c-a017-34c0a5cb5c4a,,,,
cd4_loop_1_op_1020_press_bearing_cone____initial_distance_diff_bearing_pinion_side_min_limit__,cd4_loop_1,op_1020,e8e16634-adf4-419f-9c7b-eedd1a5be920,,,,
cd4_loop_1_op_1020_gage_pinion_head____distance_pinion_head_gage_min_limit___,cd4_loop_1,op_1020,995e14f8-3fcc-44d0-bbef-84344f186207,,,,
cd4_loop_1_op_1020_press_bearing_cone____distance_lower_bearing_gear_side_min_limit__,cd4_loop_1,op_1020,38f25cad-adf8-4496-be0a-a7b1a3534f24,,,,
cd4_loop_1_op_1020_press_bearing_cone____initial_force_diff_bearing_pinion_side___,cd4_loop_1,op_1020,c15368cf-b7e2-4924-88bc-51f2e8d91efa,,,,
cd4_loop_1_op_1020_press_bearing_cone____initial_force_diff_bearing_gear_side___,cd4_loop_1,op_1020,424ae5fd-8b8f-4793-82d2-df5bd611b24f,,,,
cd4_loop_1_op_1050_fastener_ring_gear_bolt_____torque_ring_gear_8____,cd4_loop_1,op_1050,4f18846f-d7cc-447b-9574-38aa05e45649,,,,
cd4_loop_1_op_1050_fastener_ring_gear_bolt_____torque_ring_gear_7____,cd4_loop_1,op_1050,9ea2a488-750d-4012-acd7-9bd880c99fd8,,,,
cd4_loop_1_op_1050_fastener_ring_gear_bolt_____torque_ring_gear_4____,cd4_loop_1,op_1050,00035d3c-f6e5-4f90-aa43-3413ed7d022f,,,,
cd4_loop_1_op_1050_fastener_ring_gear_bolt_____angle_ring_gear_6____,cd4_loop_1,op_1050,25f2990f-f55c-491b-ab9e-938107bb6b54,,,,
cd4_loop_1_op_1050_fastener_ring_gear_bolt_____angle_ring_gear_4____,cd4_loop_1,op_1050,6629c19b-a465-4cb8-8da6-ddd8220cc64b,,,,
cd4_loop_1_op_1030_press_head_bearing_cone_____initial_force_max_limit____,cd4_loop_1,op_1030,30c46a35-a42e-4f45-9888-43bb0e7cc42e,,,,
cd4_loop_1_op_1030_press_head_bearing_cone_____force_max_limit____,cd4_loop_1,op_1030,f2a99127-4af8-43ae-95f8-503bdd3cffb1,,,,
cd4_loop_1_op_1030_press_head_bearing_cone_____distance_____,cd4_loop_1,op_1030,c69cbd48-41ae-4f64-bc4c-dcf7d6c524e7,,,,
cd4_loop_1_op_1100a_press_pinion_seal_____distance_pinion_seal_max_limit___,cd4_loop_1,op_1100a,d4ba3620-7508-431e-8b52-ecd02628715c,,,,
cd4_loop_1_op_1100a_press_pinion_seal_____initial_force_pinion_seal_max_limit___,cd4_loop_1,op_1100a,941bddf3-b0b6-41b0-a97e-88b8c8ea837c,,,,
cd4_loop_1_op_1100a_process_graphite_____graphite_dispense_tolerance____,cd4_loop_1,op_1100a,27718f6c-aae1-4695-9bbb-0f190b376744,,,,
cd4_loop_1_op_1100a_process_graphite_____graphite_dispense_____,cd4_loop_1,op_1100a,b4eb1e81-0073-4484-980a-9aa747cceb95,,,,
cd4_loop_1_op_1100a_press_pinion_flange_____distance_pinion_flange____,cd4_loop_1,op_1100a,30bfde1c-ae72-4bd1-b584-ef9a38b632eb,,,,
cd4_loop_1_op_1090_load_pinion_____pass/fail_____,cd4_loop_1,op_1090,edd2cef6-0798-4b6b-b034-339f06fad6a3,,,,
L14_Core_02_1_1,L14_Core,L14_Core_02,38332471-eea5-47f8-abad-379a4ec1047c,,,,
as&c_1_op_220_measurement_pre_load_____torque_to_rotate_vgage_diff___,as&c_1,op_220,10fa8668-76da-421e-9d1a-a39d10627ff7,,,,
as&c_1_op_220_measurement_pre_load_____bearing_torque_vgage____,as&c_1,op_220,41d12ae9-a6e0-4657-a603-3339f2525dba,,,,
as&c_1_op_230_press_diff_cup_____shim_call_cover_side____,as&c_1,op_230,70975aa1-8f8d-4f2e-a35f-ade04cf8678d,,,,
as&c_1_op_230_press_diff_cup_____production_offset_housing_side____,as&c_1,op_230,6d7d4a2e-c15c-48c8-b392-f6944b8e49bf,,,,
as&c_1_op_230_press_diff_cup_____production_offset_cover_side____,as&c_1,op_230,abee2e8f-0725-4da2-802d-09c5c17b8304,,,,
as&c_1_op_230_press_diff_cup_____diff_top_cup_to_flat_vgage____,as&c_1,op_230,709555e8-0686-4576-9d94-fc8df59e883e,,,,
as&c_1_op_230_press_diff_cup_____diff_casse_height_vgage____,as&c_1,op_230,cfead551-14fc-40ea-9109-0b150c152b7e,,,,
as&c_1_op_060_pallet_load_carrier_and_cover_____pinion_head_bearing_diameter_housing____,as&c_1,op_060,d7fc93f9-fdfe-4ba4-9eb8-e38cd0cc3e60,,,,
as&c_1_op_110_press_pinion_assembly_____mid_stroke_force_seal_press_min___,as&c_1,op_110,23eb93ef-c427-4a77-910e-8bdc6e2df6d2,,,,
as&c_1_op_110_press_pinion_assembly_____mid_stroke_force_seal_press_max___,as&c_1,op_110,f2db576a-74c1-4b83-9d06-73ee01a0098e,,,,
as&c_1_op_110_press_pinion_assembly_____force_tail_bearing____,as&c_1,op_110,0bc6b92d-854b-44e7-97d2-7a129851ec91,,,,
as&c_1_op_270_rundown_cover_bolt_____torque_bolt_12____,as&c_1,op_270,475f1267-1573-4d29-9a05-79949823c2ea,,,,
as&c_1_op_270_rundown_cover_bolt_____angle_bolt_8____,as&c_1,op_270,27d636a0-1f88-4354-ad6c-5b0501fa40e6,,,,
as&c_1_op_270_rundown_cover_bolt_____angle_bolt_6____,as&c_1,op_270,ca590810-4c8b-4422-b8f1-8c3cc56d1b98,,,,
as&c_1_op_270_rundown_cover_bolt_____angle_bolt_5____,as&c_1,op_270,49dcda8c-69be-42d8-acf7-cc893124458b,,,,
as&c_1_op_270_rundown_cover_bolt_____angle_bolt_3____,as&c_1,op_270,218aada8-09b3-452a-90a7-c777d9cc9144,,,,
as&c_1_op_270_rundown_cover_bolt_____angle_bolt_12____,as&c_1,op_270,7818bc04-752f-4345-bd96-adc1ccddeb6f,,,,
as&c_1_op_020_pallet_load_gear_____gear_box_number_____,as&c_1,op_020,1aedab30-7758-4bfa-ab0a-0f4d035dc953,,,,
as&c_1_op_020_pallet_load_gear_____carrier_machine_____,as&c_1,op_020,05708c2e-a0a1-4550-be84-21e0d2f61806,,,,
as&c_1_op_020_pallet_load_gear_____mounting_position_ring_gear____,as&c_1,op_020,867d5258-c275-4d65-89ea-cec7b6ceabb6,,,,
as&c_1_op_100_press_pinion_cup_____shim_call____,as&c_1,op_100,d7d82c93-dbdd-4a43-89d3-fb5d93fbe9cb,,,,
as&c_1_op_210_rundown_ring_gear_____torque_bolt_2____,as&c_1,op_210,56a0af0b-6db7-438a-9a88-7a2eacf011a2,,,,
as&c_1_op_210_rundown_ring_gear_____angle_bolt_3____,as&c_1,op_210,262130a9-ce3e-4251-9d58-bb66dfc9b4e6,,,,
as&c_1_op_130_gauge_pinion_____mounting_position_____,as&c_1,op_130,d45edfe4-5a13-4cb9-862c-54856dee071c,,,,
as&c_1_op_120_rundown_pinion_preload_____build_process_____,as&c_1,op_120,a0b05ea5-3965-4211-a593-16419d51357e,,,,
as&c_1_op_340_nvh______fundamental_positive_50____,as&c_1,op_340,f53b1e52-80a3-46f8-b6c7-dc3a4d55d980,,,,
as&c_1_op_340_nvh______first_harmonic_positive_200____,as&c_1,op_340,96234baa-f126-405e-b3c1-f125bff70c6b,,,,
as&c_1_op_340_nvh______first_harmonic_positive_100____,as&c_1,op_340,84ef8e28-01c8-4f70-9c83-0199720c1dbc,,,,
as&c_1_op_340_nvh______first_harmonic_negative_300____,as&c_1,op_340,f11cb8d5-b751-4cc7-b930-8c565753a2cf,,,,
as&c_1_op_310_rundown_plug_____torque_oil_channel_2____,as&c_1,op_310,9ca2b450-2695-4f6d-a336-31d63ba8e5fb,,,,
as&c_1_op_310_rundown_plug_____angle_oil_channel_2____,as&c_1,op_310,19a16d2d-745a-4aad-8df3-7711dd020639,,,,
as&c_1_op_310_rundown_plug_____angle_oil_channel_1____,as&c_1,op_310,9ab7c1ad-19a5-4012-a478-c188168b10d6,,,,
as&c_1_op_280_gauge_backlash_____backlash_min____,as&c_1,op_280,93965153-6b36-4bb1-9cf1-25829846bba1,,,,
as&c_1_op_320_press_seal_____pressure_loss_predicted____,as&c_1,op_320,b9cf6d3d-0f54-4abe-9fb2-04d7710bd6d4,,,,
as&c_1_op_320_press_seal_____mid_stroke_force_needle_bearing_min___,as&c_1,op_320,976f3ba1-b3dc-4537-8965-955067134d18,,,,
as&c_1_op_320_press_seal_____leak_test_pressue_____,as&c_1,op_320,a3c20687-ee60-4435-ab34-6757321b894d,,,,
as&c_1_op_320_press_seal_____leak_rate_____,as&c_1,op_320,6b4553a5-a8a0-48d2-ba35-9a35f1c25b2c,,,,
as&c_1_op_320_press_seal_____bottom_out_position_needle_bearing____,as&c_1,op_320,42792d3b-b4d8-46e6-b746-02f9ab38d2c6,,,,
700_line_op_100_press_companion_flange_____operator_id____,700_line,op_100,74e2aad8-ea32-48f0-956d-9770e868e81b,,,,
700_line_op_100_press_companion_flange_____login_id____,700_line,op_100,3eca5d80-7b78-40c3-9b39-f32e71a93560,,,,
700_line_op_110_preload_pinion_bearing_____force_load____,700_line,op_110,25612d21-ad44-4dfe-84fd-fe8ea08e856d,,,,
700_line_op_120_gage_pinion_system_____description_diff_type____,700_line,op_120,415ea908-505b-477b-b51b-6863471ede59,,,,
cd4_loop_1_op_1060_gage_diff_assembly_____distance_diff_cup_to_cup_height_max_limit___,cd4_loop_1,op_1060,f161a156-1bf5-4cc1-8d39-48aa9a5fe5b8,,,,
cd4_loop_1_op_1060_gage_diff_assembly_____force_diff_brg_setting_force_min_limit___,cd4_loop_1,op_1060,13c8be48-70a0-4911-ae41-575d2f63d15e,,,,
cd4_loop_1_op_1060_gage_diff_assembly_____volume_tail_bearing_graphite____,cd4_loop_1,op_1060,c9b3ddd0-da80-4799-befb-e4eeffc71431,,,,
cd4_loop_1_op_1060_gage_diff_assembly_____pass/fail_____,cd4_loop_1,op_1060,b7798011-1963-4574-bd85-e9bd387acce3,,,,
cd4_loop_1_op_1020_gage_pinion_head____distance_pin_thrust_to_head_max_limit___,cd4_loop_1,op_1020,7e5eb216-f582-446d-84e3-92688f146262,,,,
cd4_loop_1_op_1020_press_bearing_cone____force_diff_bearing_gear_side_max_limit__,cd4_loop_1,op_1020,69209f98-1603-4eeb-9213-cf61e9a4c098,,,,
cd4_loop_1_op_1020_press_bearing_cone____initial_force_diff_bearing_pinion_side_min_limit__,cd4_loop_1,op_1020,fd5a593a-2ff2-44de-a008-bd55ffbc8a9e,,,,
cd4_loop_1_op_1020_press_ring_gear_____distance_ring_gear____,cd4_loop_1,op_1020,caacf6df-f545-4897-8187-466560288681,,,,
cd4_loop_1_op_1020_load_pinion_h_dev____distance_h_deviation_pinion___,cd4_loop_1,op_1020,51d76cfa-d94c-4101-ac79-01a2a979745a,,,,
cd4_loop_1_op_1020_press_bearing_cone____initial_distance_diff_bearing_gear_side___,cd4_loop_1,op_1020,47c80e0a-133a-4cc0-bc48-e58d67f5225f,,,,
cd4_loop_1_op_1050_fastener_ring_gear_bolt_____angle_ring_gear_8____,cd4_loop_1,op_1050,02ab3df3-0885-412b-86db-1099745530e0,,,,
cd4_loop_1_op_1100a_press_pinion_seal_____force_pinion_seal_max_limit___,cd4_loop_1,op_1100a,e0ac66ec-f828-4b6a-861a-92b3dd9f5424,,,,
cd4_loop_1_op_1100a_press_pinion_seal_____distance_pinion_seal_min_limit___,cd4_loop_1,op_1100a,80b7bc9c-8737-4ec9-86e2-02c2a1f4a147,,,,
cd4_loop_1_op_1100a_press_pinion_flange_____initial_distance_pinion_flange____,cd4_loop_1,op_1100a,db5c4d5b-d16e-4a98-9343-5bbbffe0cb15,,,,
as&c_1_op_120_rundown_pinion_preload_____torque_seal_drag____,as&c_1,op_120,1587c59b-c33e-4313-90ba-5711833c291d,,,,
as&c_1_op_230_press_diff_cup_____shim_part_offset_housing____,as&c_1,op_230,e964f020-af40-4bac-b9f6-ca24d496b8eb,,,,
as&c_1_op_230_press_diff_cup_____shim_part_offset_cover____,as&c_1,op_230,1e0db345-ca5e-4ae1-9e6d-561d24b192e7,,,,
as&c_1_op_230_press_diff_cup_____shim_call_housing_side____,as&c_1,op_230,83111a9e-2cfa-4000-a53e-ce1e5022d8e5,,,,
as&c_1_op_230_press_diff_cup_____diff_flat_to_bottom_cup_vgage____,as&c_1,op_230,06dd20be-080e-437b-9a3b-39d6187a561e,,,,
as&c_1_op_110_press_pinion_assembly_____force_flange____,as&c_1,op_110,7c421030-b0ce-4fc8-a7b0-6ad6103bedd8,,,,
as&c_1_op_270_rundown_cover_bolt_____torque_bolt_4____,as&c_1,op_270,1db9f6b4-4357-4896-9e6d-ace50c99f13b,,,,
as&c_1_op_270_rundown_cover_bolt_____torque_bolt_2____,as&c_1,op_270,a4e30d87-e7d2-4396-821d-64f4bc738869,,,,
as&c_1_op_270_rundown_cover_bolt_____torque_bolt_10____,as&c_1,op_270,b29ab2b3-2397-4e66-8670-0afced5c3ee5,,,,
as&c_1_op_270_rundown_cover_bolt_____angle_bolt_2____,as&c_1,op_270,0459ee74-860f-4f67-b1a4-b79d4f4104ea,,,,
as&c_1_op_020_pallet_load_gear_____ring_gear_scan_data_____,as&c_1,op_020,4ce5cd2d-113f-4ffa-8a91-0ac0d4d9af69,,,,
as&c_1_op_100_press_pinion_cup_____press_force_____,as&c_1,op_100,d98e6548-235e-453d-bca8-006b9e76459b,,,,
as&c_1_op_200_press_ring_gear_and_diff_bearing_____bottom_out_position_lower_bearing____,as&c_1,op_200,372c900d-bf26-4196-ad8d-329b54306d56,,,,
as&c_1_op_210_rundown_ring_gear_____torque_bolt_8____,as&c_1,op_210,3fb731a5-b728-449e-994d-aae90db15770,,,,
as&c_1_op_210_rundown_ring_gear_____torque_bolt_7____,as&c_1,op_210,30a0d2ca-2edd-42e9-af2b-1ba5bf5bcb85,,,,
as&c_1_op_210_rundown_ring_gear_____angle_bolt_6____,as&c_1,op_210,1d24d5d9-459f-4947-ab72-b1b66e1a0bdd,,,,
as&c_1_op_210_rundown_ring_gear_____angle_bolt_5____,as&c_1,op_210,9f15a5a8-af2a-4b15-b177-a0b856035c48,,,,
as&c_1_op_080_gauge_pinion_head_height_____pinion_head_with_bearing_height_non_loaded____,as&c_1,op_080,40c0f970-9c2f-46c2-b9dd-371c6318db14,,,,
as&c_1_op_180_balance______angle_initial_unbalance____,as&c_1,op_180,ee6cf579-ffa5-417d-b5f3-73437eb2778a,,,,
as&c_1_op_180_balance______angle_hole_3____,as&c_1,op_180,f813ff3e-d2c4-4870-b2e2-73a2ae568e89,,,,
as&c_1_op_340_nvh______fundamental_positive_200____,as&c_1,op_340,6ee72a4b-69c7-4963-a1ad-7ae66d21552c,,,,
as&c_1_op_340_nvh______first_harmonic_negative_200____,as&c_1,op_340,f1a6e472-1aa8-4245-a8b2-c1466a327eea,,,,
as&c_1_op_340_nvh______first_harmonic_negative_100____,as&c_1,op_340,733bec19-1067-490b-b058-e214fdd2a324,,,,
as&c_1_op_340_nvh______coast_results_____,as&c_1,op_340,0af234c8-fb62-43fc-a2fa-c44e6f39f989,,,,
as&c_1_op_190_gauge_pinion_____torque_minimum____,as&c_1,op_190,5cc67495-ecba-4ca3-bf32-ee189ccb7b5b,,,,
as&c_1_op_190_gauge_pinion_____torque_drag____,as&c_1,op_190,7175788f-f7c3-4aa7-a49d-a6bac6aeb395,,,,
as&c_1_op_310_rundown_plug_____torque_drain_plug____,as&c_1,op_310,7c01639a-c22d-437d-b365-a348a9159a64,,,,
as&c_1_op_280_gauge_backlash_____torque_drag____,as&c_1,op_280,d9b4abc9-0768-4b8e-9134-70ed414935ff,,,,
as&c_1_op_320_press_seal_____pressure_loss_____,as&c_1,op_320,447c6e92-f152-45b3-bff5-474342476330,,,,
700_line_op_110_load_head_/_tail_bearing_limit___force_preload_max___,700_line,op_110,c2dd3ba3-2c61-45ac-ab0c-772c13d08dfc,,,,
700_line_op_120_gage_pinion_system_____login_____,700_line,op_120,86ec7b18-9259-4b62-8ed2-49629053489b,,,,
700_line_op_120_gage_pinion_system_____access_level_____,700_line,op_120,1251271a-476c-4213-9209-3bc8f1fd4e37,,,,
700_line_op_120_runout_pinion_system_limit____composite_min____,700_line,op_120,d4c1ec9d-a00f-4a7e-8af7-c553059b035c,,,,
700_line_op_110_preload_pinion_bearing_____pass/fail_____,700_line,op_110,00d0d898-c491-4f18-bf45-7cce9a9e9d87,,,,
700_line_op_110_preload_pinion_bearing_____torque_seal_drag____,700_line,op_110,5beadc5f-d1c8-4d7d-badb-31696edfb93e,,,,
700_line_op_110_preload_pinion_bearing_____operator_name____,700_line,op_110,adfb4855-24e0-4ada-aeb1-0cad0d07f24c,,,,
700_line_op_110_preload_pinion_bearing_____login_id____,700_line,op_110,5aa669d6-cb80-4fde-b7e6-4a8528c84c6a,,,,
700_line_op_110_gage_limit_____torque_seal_drag_min___,700_line,op_110,a24589e3-def5-4629-bc8c-0133607f057b,,,,
700_line_op_110_fastener_limit_____torque_pinion_nut_min___,700_line,op_110,f2ba778b-d196-48d6-a40d-74cb042c7baa,,,,
cd4_loop_1_op_1040_gage_pinion_system_____troque_pinion_brg_ttr____,cd4_loop_1,op_1040,7b44a5bd-a6e7-4fe1-af8e-7b0d2392b2d1,,,,
cd4_loop_1_op_1060_gage_diff_assembly_____distance_overall_height_min_limit___,cd4_loop_1,op_1060,5d72d734-3540-4ab3-9a57-e4d59edf69e8,,,,
cd4_loop_1_op_1020_press_ring_gear_____force_ring_gear_max_limit___,cd4_loop_1,op_1020,1607ba8a-6a67-475e-acba-af20ee3bf907,,,,
cd4_loop_1_op_1020_gage_carrier_____pass/fail_____,cd4_loop_1,op_1020,22ca62e0-41e4-4c74-ade8-e5969c21f4a8,,,,
cd4_loop_1_op_1050_fastener_ring_gear_bolt_____angle_ring_gear_9____,cd4_loop_1,op_1050,762688ec-3cfb-42e2-8468-a553fc574959,,,,
cd4_loop_1_op_1030_press_head_bearing_cone_____initial_distance_min_limit____,cd4_loop_1,op_1030,eef14d6d-1337-48a5-b848-0214891a154b,,,,
cd4_loop_1_op_1030_press_head_bearing_cone_____force_____,cd4_loop_1,op_1030,d311b218-86f5-4a66-a7d1-2d266b4f598b,,,,
cd4_loop_1_op_1100a_press_pinion_flange_____force_pinion_flange_max_limit___,cd4_loop_1,op_1100a,3a15488d-f8a2-4afb-a834-ff96ff09f6e0,,,,
cd4_loop_1_op_1100a_press_pinion_seal_____initial_force_pinion_seal_min_limit___,cd4_loop_1,op_1100a,f3f33c65-418c-4395-946a-9215ffba64d4,,,,
cd4_loop_1_op_1100a_press_pinion_flange_____initial_force_pinion_flange_min_limit___,cd4_loop_1,op_1100a,19d14ce4-6ca7-428f-a274-b17e7a0c3d0c,,,,
cd4_loop_1_op_1100a_press_pinion_seal_____initial_distance_pinion_seal____,cd4_loop_1,op_1100a,f7d5dc1f-ce0d-4d04-a34a-70fc7307e6c7,,,,
cd4_loop_1_op_1100a_press_pinion_flange_____force_pinion_flange____,cd4_loop_1,op_1100a,9f815804-800c-490d-98c8-3c966c9586ef,,,,
cd4_loop_1_op_1100a_press_collapsible_spacer_____crush_spacer_____,cd4_loop_1,op_1100a,602d9922-7218-44ea-8bb1-59cad5f18282,,,,
cd4_loop_1_op_1090_installation_pinion_____load_target____,cd4_loop_1,op_1090,59964b48-9ebb-4563-84bb-a7ecccc0a8e0,,,,
as&c_1_op_030_press_pinion_head_bearing_____bottom_out_force_____,as&c_1,op_030,f9d8bdfd-91f8-4c6c-9405-9e91d879bf27,,,,
as&c_1_op_230_press_diff_cup_____mid_stroke_force_cover_side_max___,as&c_1,op_230,cb9fb3f8-f510-4922-a4f6-2105601adf85,,,,
as&c_1_op_230_press_diff_cup_____actual_shim_cover_side____,as&c_1,op_230,75313713-ef27-4e76-bfef-e2f5b7a93a9e,,,,
as&c_1_op_060_pallet_load_carrier_and_cover_____mating_surface_to_shim_surface_housing____,as&c_1,op_060,dc638818-34e7-4547-a41a-6f9f34cb6897,,,,
as&c_1_op_060_pallet_load_carrier_and_cover_____mating_surface_to_pinion_center_line_housing____,as&c_1,op_060,807fc009-970e-41ae-9003-82879370c9b8,,,,
as&c_1_op_270_rundown_cover_bolt_____angle_bolt_7____,as&c_1,op_270,7452d25c-1335-4e80-93be-46d8aecf505a,,,,
as&c_1_op_020_pallet_load_gear_____pallet_id_____,as&c_1,op_020,16f60585-f542-46a7-b2e1-d93061fb2fb2,,,,
as&c_1_op_210_rundown_ring_gear_____torque_bolt_6____,as&c_1,op_210,7a5c8aad-0baa-4dda-b8b6-43702a68b467,,,,
as&c_1_op_210_rundown_ring_gear_____angle_bolt_10____,as&c_1,op_210,ef0fa37c-c02d-414f-969a-de9e66957b26,,,,
as&c_1_op_080_gauge_pinion_head_height_____mean_force_during_drag_force_____,as&c_1,op_080,b4fa784c-b1e6-48b3-8eda-e40f709e20d0,,,,
as&c_1_op_180_balance______magnitude_radial_runout____,as&c_1,op_180,d2e3b3d7-f1d4-479f-af4c-41b44b87eedd,,,,
as&c_1_op_180_balance______depth_hole_5____,as&c_1,op_180,96539228-3aa7-40e3-b0f6-1d2d47862188,,,,
as&c_1_op_180_balance______angle_final_unbalance____,as&c_1,op_180,00ac6aa6-5d09-4752-a614-bae5db10d432,,,,
as&c_1_op_180_balance______angle_face_runout____,as&c_1,op_180,8e1d2fe3-1ec7-4429-8e07-5faffacb4b54,,,,
as&c_1_op_120_rundown_pinion_preload_____ttr_seal_drag____,as&c_1,op_120,e8eadd75-71c7-4c00-b122-44cfe860981a,,,,
as&c_1_op_340_nvh______fundamental_postitive_250____,as&c_1,op_340,4335f311-91c7-4b75-b17d-dcb868426589,,,,
as&c_1_op_340_nvh______fundamental_positive_100____,as&c_1,op_340,208fd89e-1c51-4891-9fd9-882e0c65046f,,,,
as&c_1_op_340_nvh______first_harmonic_positive_50____,as&c_1,op_340,c9b90c87-bd33-44a2-ba38-d28a2b645c45,,,,
as&c_1_op_340_nvh______first_harmonic_positive_250____,as&c_1,op_340,10284fdd-650e-460d-8059-bb5883686f7b,,,,
as&c_1_op_330_oil_fill______oil_volume_____,as&c_1,op_330,bec3038c-4b60-4377-87ed-fa1ebdac8061,,,,
as&c_1_op_310_rundown_plug_____torque_temp_sensor____,as&c_1,op_310,35465b8c-d8ed-49b5-bfc5-963defba3804,,,,
as&c_1_op_310_rundown_plug_____torque_fill_plug____,as&c_1,op_310,06b2f08d-eda6-40bb-b131-7f411756b4ea,,,,
as&c_1_op_280_gauge_backlash_____gear_ratio_____,as&c_1,op_280,c2105fc6-e436-4778-80c6-2cd17a72b780,,,,
as&c_1_op_320_press_seal_____bottom_out_position_seal____,as&c_1,op_320,4348918c-3212-44b2-924a-5ecd8adae59a,,,,
as&c_1_op_320_press_seal_____bottom_out_force_seal____,as&c_1,op_320,b9f50faa-5256-4859-adb5-2d454f1a4304,,,,
700_line_op_120_preload_pinion_system_____torque_torque_to_rotate____,700_line,op_120,332eb4f4-94e7-4fde-881a-a208f143db2a,,,,
700_line_op_100_press_companion_flange_____distance_final_actual___,700_line,op_100,3b7a2464-b8a4-481a-b663-d32acb67708b,,,,
700_line_op_120_gage_pinion_system_____description_model_type____,700_line,op_120,c2bd2dd6-9805-4ca5-8c16-1ec65f318867,,,,
700_line_op_120_preload_pinion_system_____torque_total_ttr____,700_line,op_120,9996827f-e950-4ec7-9009-d66bfd63f6c5,,,,
700_line_op_120_runout_pinion_system_____face_____,700_line,op_120,eedf40fc-41e7-4a95-8753-f3ca74ebf27b,,,,
700_line_op_120_runout_pinion_system_limit____pilot_max____,700_line,op_120,e1cec1c3-de3f-4b07-ac61-acd11f6ee424,,,,
700_line_op_110_preload_pinion_bearing_____cycle_time_____,700_line,op_110,245b5b67-a5a8-41ac-8b75-eb9206e1df02,,,,
700_line_op_110_gage_limit_____torque_seal_drag_max___,700_line,op_110,527d7afb-e6e4-4a8d-bb2d-0a6191324290,,,,
cd4_loop_1_op_1040_gage_pinion_head_bearing_____pass/fail_____,cd4_loop_1,op_1040,88e8f141-dabe-4a64-a79b-f57bb758e6e4,,,,
cd4_loop_1_op_1060_gage_diff_assembly_____runout_ring_gear_backface_min_limit___,cd4_loop_1,op_1060,317ebf06-11fb-48f9-afd5-1071a5ad4200,,,,
cd4_loop_1_op_1060_gage_diff_assembly_____runout_ring_gear_backface____,cd4_loop_1,op_1060,f6729368-f487-4530-8671-0a911d78d010,,,,
cd4_loop_1_op_1020_press_bearing_cone____force_diff_bearing_pinion_side_max_limit__,cd4_loop_1,op_1020,79cb9090-4447-41a8-b50b-ceb8f87d4439,,,,
cd4_loop_1_op_1020_press_bearing_cone____initial_force_diff_bearing_pinion_side_max_limit__,cd4_loop_1,op_1020,d48ca90e-2e31-44ff-bc03-e5ff8bdcef5d,,,,
cd4_loop_1_op_1020_press_ring_gear_____initial_force_ring_gear_max_limit___,cd4_loop_1,op_1020,241f2c16-0532-48bb-9667-0e91c52d6411,,,,
cd4_loop_1_op_1020_press_ring_gear_____initial_distance_ring_gear_max_limit___,cd4_loop_1,op_1020,9afe0476-dc90-4c18-b416-126fb06f0943,,,,
cd4_loop_1_op_1020_press_bearing_cone____distance_diff_bearing_pinion_side_min_limit__,cd4_loop_1,op_1020,d66b0839-36f6-4962-a460-7217759316fe,,,,
cd4_loop_1_op_1020_press_ring_gear_____force_ring_gear_min_limit___,cd4_loop_1,op_1020,21ea2513-67f6-4604-bc8c-71ad6ad0dd52,,,,
cd4_loop_1_op_1020_press_bearing_cone____initial_force_lower_bearing_gear_side_min_limit__,cd4_loop_1,op_1020,526fbf7c-577f-4629-ad2f-d38795b3031f,,,,
cd4_loop_1_op_1020_press_bearing_cone____initial_distance_diff_bearing_pinion_side___,cd4_loop_1,op_1020,4f2714e0-509a-436a-8158-d9171f97f02e,,,,
cd4_loop_1_op_1050_fastener_ring_gear_bolt_____torque_ring_gear_9____,cd4_loop_1,op_1050,5acbfb6e-e78b-42ac-9a96-6a94d58a1f68,,,,
cd4_loop_1_op_1050_fastener_ring_gear_bolt_____angle_ring_gear_1____,cd4_loop_1,op_1050,93ec15ed-a993-441e-850f-28bc52ffedfe,,,,
cd4_loop_1_op_1030_press_head_bearing_cone_____pass/fail_____,cd4_loop_1,op_1030,c6f1de8f-a693-40db-bec9-5b61fc8ab2ff,,,,
cd4_loop_1_op_1100a_press_collapsible_spacer_____crush_spacer_target____,cd4_loop_1,op_1100a,92be2f17-a154-414d-b495-1134c2a9dd5d,,,,
cd4_loop_1_op_1100a_press_pinion_seal_____initial_distance_pinion_seal_min_limit___,cd4_loop_1,op_1100a,f3e2778f-7045-455d-abab-aa3e6b8c56f5,,,,
cd4_loop_1_op_1100a_press_pinion_flange_____initial_force_pinion_flange____,cd4_loop_1,op_1100a,6cbc8d7d-3b08-45db-b9ba-0bba70f1d6b8,,,,
cd4_loop_1_op_1100a_press_pinion_____pass/fail_____,cd4_loop_1,op_1100a,e0480568-3391-4209-8d0b-29eaa1b46e05,,,,
L14_Final_04_2_1,L14_Final,L14_Final_04,4edd356c-080c-4a4e-a031-134c49ffb9aa,,,,
as&c_1_op_120_rundown_pinion_preload_____preload_____,as&c_1,op_120,b78241aa-203d-4117-8553-abd783206ddb,,,,
as&c_1_op_120_rundown_pinion_preload_____housing_weight_____,as&c_1,op_120,32c26460-d02e-4411-9d95-a79528b26aec,,,,
as&c_1_op_230_press_diff_cup_____mid_stroke_force_housing_side_max___,as&c_1,op_230,f6d5dc5c-9a83-43fa-911f-4784a3ae9c44,,,,
as&c_1_op_230_press_diff_cup_____bottom_out_position_cover_side____,as&c_1,op_230,62311f32-3af9-4e9c-afc6-ece190a858c7,,,,
as&c_1_op_270_rundown_cover_bolt_____torque_bolt_6____,as&c_1,op_270,8bd528fa-aaad-40a4-83bf-a7ee2df6eb85,,,,
as&c_1_op_270_rundown_cover_bolt_____torque_bolt_11____,as&c_1,op_270,78cd48f6-14a0-4c49-be2a-01d33c02086b,,,,
as&c_1_op_270_rundown_cover_bolt_____torque_bolt_1____,as&c_1,op_270,4d7fb731-aa80-4dda-8b0f-11f50a97c917,,,,
as&c_1_op_270_rundown_cover_bolt_____angle_bolt_10____,as&c_1,op_270,a50394e4-9eb7-4617-b6e9-fed0d6f4f918,,,,
as&c_1_op_020_pallet_load_gear_____build_process_____,as&c_1,op_020,a420a542-a462-445b-a43f-a0f69f3d2bcd,,,,
as&c_1_op_020_pallet_load_gear_____serial_number_ring_gear____,as&c_1,op_020,05afc17f-f75e-4a5d-aab9-b949658643f5,,,,
as&c_1_op_020_pallet_load_gear_____mounting_position_pinion____,as&c_1,op_020,1121d711-4a10-4ec7-9ad4-d7a13b7fe3b7,,,,
as&c_1_op_100_press_pinion_cup_____shim_actual____,as&c_1,op_100,322356f6-79b5-430d-a30a-64c5d794c5cc,,,,
as&c_1_op_200_press_ring_gear_and_diff_bearing_____bottom_out_position_upper_bearing____,as&c_1,op_200,16eb1aad-ffe4-4933-9e1b-73efff35abb2,,,,
as&c_1_op_210_rundown_ring_gear_____torque_bolt_1____,as&c_1,op_210,a3512552-28b1-41ae-8dbf-917c198ea2cf,,,,
as&c_1_op_210_rundown_ring_gear_____angle_bolt_7____,as&c_1,op_210,f028029d-0eb2-455b-bebb-3e21e29b89ba,,,,
as&c_1_op_210_rundown_ring_gear_____angle_bolt_1____,as&c_1,op_210,67b47715-0987-4198-9c51-f3ab8585352e,,,,
as&c_1_op_080_gauge_pinion_head_height_____drag_torque_peak____,as&c_1,op_080,4a01f851-d189-4cb0-b8b8-f51b518dd4d9,,,,
as&c_1_op_080_gauge_pinion_head_height_____drag_torque_mean____,as&c_1,op_080,6ff05431-e4de-4835-94a7-ea32b0a8bcb5,,,,
as&c_1_op_130_gauge_pinion_____mounting_position_deviation_____,as&c_1,op_130,a2c7a735-d5a8-4b1b-aadf-c38d09528c53,,,,
as&c_1_op_130_gauge_pinion_____button_position_____,as&c_1,op_130,814ad0a0-98d6-4e34-80b4-3384b3a6f239,,,,
as&c_1_op_180_balance______number_of_holes_____,as&c_1,op_180,62f2387f-542e-4f00-aeb4-976d8bfeb658,,,,
as&c_1_op_180_balance______depth_hole_9____,as&c_1,op_180,eb82454b-f89d-478a-8e86-1115c4d1487d,,,,
as&c_1_op_180_balance______depth_hole_8____,as&c_1,op_180,2ea7f811-8259-4a98-8e0b-3341127e17a0,,,,
as&c_1_op_180_balance______depth_hole_10____,as&c_1,op_180,873b723f-2b72-438f-9339-58eb68c81b8e,,,,
as&c_1_op_340_nvh______fundamental_positive_300____,as&c_1,op_340,d15cdf19-15dd-4637-bdfd-35e89295d878,,,,
as&c_1_op_340_nvh______fundamental_negative_200____,as&c_1,op_340,0233d4da-4c95-4556-95bf-ea7857f80575,,,,
as&c_1_op_310_rundown_plug_____angle_fill_plug____,as&c_1,op_310,a08934ae-0671-4b10-a205-c283fe30033d,,,,
as&c_1_op_280_gauge_backlash_____torque_delta____,as&c_1,op_280,91919266-4ae8-44e7-86d1-7036f3a0fed6,,,,
as&c_1_op_320_press_seal_____leak_rate_predicted____,as&c_1,op_320,a60229cd-049d-4cb1-a2f1-8861fca5f7eb,,,,
as&c_1_op_320_press_seal_____bottom_out_force_needle_bearing____,as&c_1,op_320,75da43cc-16b8-45e4-bd4f-bfd9e8f392e4,,,,
700_line_op_100_press_companion_flange_____force_mid_stroke_actual___,700_line,op_100,9bd15609-4e3b-4d2c-9aff-36bf2d216266,,,,
700_line_op_100_press_companion_flange_____operator_name____,700_line,op_100,d808aaa8-8274-4da8-8a28-0ab49bacb5b4,,,,
700_line_op_110_preload_limit_____torque_torque_to_turn_min___,700_line,op_110,bd8e4adf-34f1-4308-b5ae-bb36b2d4ffb4,,,,
700_line_op_120_gage_pinion_system_____pallet_number_____,700_line,op_120,ec155005-bed5-4410-9c62-9773b0633bfa,,,,
700_line_op_110_preload_pinion_bearing_____force_total_load____,700_line,op_110,fff7f92e-d8ff-49dc-b930-479c6e3aa744,,,,
700_line_op_110_preload_pinion_bearing_____access_level_____,700_line,op_110,bf374cd7-15ba-4583-a30d-a55f81236150,,,,
700_line_op_100_press_companion_flange_____description_diff_type____,700_line,op_100,96b343c6-4ff4-4cf5-bfa7-8297656e9231,,,,
cd4_loop_1_op_1040_gage_pinion_system_____height_max_limit____,cd4_loop_1,op_1040,f3543a42-c5e1-4fef-9aaa-e4ade88f7116,,,,
cd4_loop_1_op_1040_gage_pinion_system_____height_min_limit____,cd4_loop_1,op_1040,43127fef-3a67-448a-979a-23e495edfd37,,,,
cd4_loop_1_op_1040_gage_pinion_system_____force_____,cd4_loop_1,op_1040,d08d655e-1a37-487c-8da3-c89de908b485,,,,
cd4_loop_1_op_1060_gage_diff_assembly_____runout_ring_gear_backface_max_limit___,cd4_loop_1,op_1060,f681df4e-6892-4579-aed7-1c26733e329d,,,,
cd4_loop_1_op_1060_gage_diff_assembly_____distance_backface_to_pin_side_seat_max_limit___,cd4_loop_1,op_1060,722a5bfb-11be-4465-b383-72174475bb54,,,,
cd4_loop_1_op_1060_gage_diff_assembly_____volume_tail_bearing_graphite_tolerance___,cd4_loop_1,op_1060,aa2384da-8ede-4989-a627-7c126afb4df2,,,,
cd4_loop_1_op_1060_gage_diff_assembly_____torque_diff_brg_ttr____,cd4_loop_1,op_1060,bd78b196-48c8-4c26-b2aa-56b6f941fddb,,,,
cd4_loop_1_op_1060_gage_diff_assembly_____distance_overall_height____,cd4_loop_1,op_1060,62e8ccaf-74e7-4b4c-93c9-844581ca93ad,,,,
cd4_loop_1_op_1060_gage_diff_assembly_____distance_backface_to_pin_side_seat____,cd4_loop_1,op_1060,d0c18dbc-6cd2-41f7-ad10-f4cb8c5cc4fe,,,,
cd4_loop_1_op_1020_press_bearing_cone____initial_distance_diff_bearing_pinion_side_max_limit__,cd4_loop_1,op_1020,caefee2d-6c41-4bff-be42-c601e77d3566,,,,
cd4_loop_1_op_1020_press_ring_gear_____distance_ring_gear_max_limit___,cd4_loop_1,op_1020,23a8993b-e0dc-4f1e-9e92-96641e873eb2,,,,
cd4_loop_1_op_1020_press_ring_gear_____initial_distance_ring_gear_min_limit___,cd4_loop_1,op_1020,5a642983-0795-448a-8101-66d940663b12,,,,
cd4_loop_1_op_1020_press_bearing_cone____distance_diff_bearing_pinion_side___,cd4_loop_1,op_1020,6138fadf-1057-4512-8b66-976fad5afcc5,,,,
cd4_loop_1_op_1050_fastener_ring_gear_bolt_____torque_ring_gear_max_limit___,cd4_loop_1,op_1050,aa4acddc-c361-417e-9c0b-bda015bb6d63,,,,
cd4_loop_1_op_1050_fastener_ring_gear_bolt_____torque_ring_gear_min_limit___,cd4_loop_1,op_1050,43ab6aaa-86d7-4c55-8d43-3bf25c02419c,,,,
cd4_loop_1_op_1050_fastener_ring_gear_bolt_____torque_ring_gear_5____,cd4_loop_1,op_1050,a4e3fe1d-f18c-4d2b-b4f2-555db7e6690f,,,,
cd4_loop_1_op_1050_fastener_ring_gear_bolt_____torque_ring_gear_3____,cd4_loop_1,op_1050,477c140b-13e8-4dc8-aa8b-a406066f2a83,,,,
cd4_loop_1_op_1050_fastener_ring_gear_bolt_____angle_ring_gear_5____,cd4_loop_1,op_1050,641da236-e8e6-4c3c-b62b-5478ea83231b,,,,
cd4_loop_1_op_1030_press_head_bearing_cone_____initial_force_____,cd4_loop_1,op_1030,37f37a4c-7789-4b07-8c63-00cc70940bbf,,,,
cd4_loop_1_op_1030_press_head_bearing_cone_____initial_force_min_limit____,cd4_loop_1,op_1030,8a59b433-029b-4755-bf30-90a1486c7512,,,,
cd4_loop_1_op_1030_press_head_bearing_cone_____initial_distance_____,cd4_loop_1,op_1030,a845a06d-9285-48be-84b6-e81f8148018e,,,,
cd4_loop_1_op_1100a_press_pinion_flange_____initial_force_pinion_flange_max_limit___,cd4_loop_1,op_1100a,2df32876-0bff-4c16-8825-8ce375bbe190,,,,
cd4_loop_1_op_1100a_press_pinion_flange_____initial_distance_pinion_flange_max_limit___,cd4_loop_1,op_1100a,40231870-acb4-496d-9d44-531c5e405e63,,,,
cd4_loop_1_op_1100a_press_pinion_seal_____force_pinion_seal_min_limit___,cd4_loop_1,op_1100a,6650dc4a-25a6-43fd-aab9-a68bbbced560,,,,
cd4_loop_1_op_1100a_press_pinion_seal_____initial_force_pinion_seal____,cd4_loop_1,op_1100a,42de7790-ff85-4802-8e32-da4d34b0c4d8,,,,
L14_Core_03_1_2,L14_Core,L14_Core_03,c9844d55-b1b4-4ab4-8723-6f55620926f9,,,,
as&c_1_op_030_press_pinion_head_bearing_____mid_stroke_force_min____,as&c_1,op_030,83cccacf-c80a-420d-a0b7-74ad3db66a9c,,,,
as&c_1_op_030_press_pinion_head_bearing_____mid_stroke_force_max____,as&c_1,op_030,bc393ae7-c1a2-4459-9106-9defb8eeef45,,,,
as&c_1_op_230_press_diff_cup_____preload_vgage____,as&c_1,op_230,7c9e34f0-6b1d-4f0f-8256-3d44fca95d88,,,,
as&c_1_op_230_press_diff_cup_____diff_torque_vgage____,as&c_1,op_230,964eeeb5-dd31-4a52-bcd9-77d2a0899fd7,,,,
as&c_1_op_230_press_diff_cup_____cup_mid_stroke_force_housing_side_min___,as&c_1,op_230,04bb019e-4c7d-4fda-9ace-e031b63d77fb,,,,
as&c_1_op_110_press_pinion_assembly_____mid_stroke_force_flange_min___,as&c_1,op_110,8122a02d-b0ec-4653-b143-4f1db8c0fe3c,,,,
as&c_1_op_020_pallet_load_gear_____pinion_scan_data_____,as&c_1,op_020,210d6b80-de65-4300-9066-38760f9a5d81,,,,
as&c_1_op_100_press_pinion_cup_____production_offset_____,as&c_1,op_100,fb340deb-de63-4bdb-a957-63a976e9e01c,,,,
as&c_1_op_200_press_ring_gear_and_diff_bearing_____mid_stroke_force_lower_bearing_min___,as&c_1,op_200,d36ba462-be87-48f2-93fc-c010f26013ad,,,,
as&c_1_op_210_rundown_ring_gear_____torque_bolt_9____,as&c_1,op_210,08752ae5-535c-466d-903b-3cd7c770205a,,,,
as&c_1_op_130_gauge_pinion_____head_height_____,as&c_1,op_130,31b40c13-ab08-4ad8-83c6-f61f1d11d37b,,,,
as&c_1_op_180_balance______magnitude_initial_unbalance____,as&c_1,op_180,b48ca469-d4ce-46d5-ac49-96a8957f5300,,,,
as&c_1_op_180_balance______magnitude_final_unbalance____,as&c_1,op_180,dc3eb5b2-af2a-4696-987f-7d6dd07670cf,,,,
as&c_1_op_180_balance______flange_inner_bore_deviation_____,as&c_1,op_180,451554e7-de5a-47c6-877f-9ceb9456868d,,,,
as&c_1_op_180_balance______depth_hole_7____,as&c_1,op_180,ba01525d-3e2b-4dd4-851a-48b408e8e420,,,,
as&c_1_op_180_balance______depth_hole_6____,as&c_1,op_180,def7906a-ef38-429b-8d75-e943f686645c,,,,
as&c_1_op_180_balance______depth_hole_3____,as&c_1,op_180,bca3e714-261b-44de-ad6d-80e4cc8bbb44,,,,
as&c_1_op_180_balance______depth_hole_2____,as&c_1,op_180,d054a2be-19e6-486b-98dd-f9090d18ab56,,,,
as&c_1_op_180_balance______angle_radial_runout____,as&c_1,op_180,1b38eb7b-ee89-48bc-9da2-c8b4a94661fe,,,,
as&c_1_op_180_balance______angle_hole_7____,as&c_1,op_180,2ffc5a07-5c7f-41bc-8a5a-03c1622157d6,,,,
as&c_1_op_120_rundown_pinion_preload_____ttr_____,as&c_1,op_120,f516a04e-e6d8-4803-948f-31c09322795e,,,,
as&c_1_op_340_nvh______first_harmonic_positive_300____,as&c_1,op_340,8f518c07-bf3e-423b-bd99-03d6b217e4d4,,,,
as&c_1_op_340_nvh______first_harmonic_negative_50____,as&c_1,op_340,40be91a4-0623-4013-9fad-12962cd4d9b0,,,,
as&c_1_op_330_oil_fill______oil_variety_____,as&c_1,op_330,2a7d9ae7-b154-424d-8984-4eacc4ec6d47,,,,
as&c_1_op_190_gauge_pinion_____torque_maximum____,as&c_1,op_190,884cbecf-c379-4a5b-a228-3fcdec6ba757,,,,
as&c_1_op_310_rundown_plug_____angle_temp_sensor____,as&c_1,op_310,47df9a0f-177f-42b2-a674-7bd2b9cf0abb,,,,
as&c_1_op_310_rundown_plug_____angle_drain_plug____,as&c_1,op_310,a21a1cc2-c48d-4bb1-bd47-65bcd14d996b,,,,
as&c_1_op_310_rundown_plug_____angle_damper____,as&c_1,op_310,50042233-ce90-43e0-bb9e-ac3fd424bf35,,,,
as&c_1_op_280_gauge_backlash_____backlash_max____,as&c_1,op_280,2e772fff-8ae3-4f98-bd14-c92cffe3ece5,,,,
700_line_op_120_preload_pinion_system_limit____torque_ttr_max___,700_line,op_120,4c3c25ec-874c-4c48-aabe-f1bff5088df7,,,,
700_line_op_110_preload_pinion_bearing_____torque_pinion_nut____,700_line,op_110,6d8a3fe4-c10c-46b9-91be-c4f29b9d0b2a,,,,
700_line_op_120_preload_pinion_system_____torque_seal_drag____,700_line,op_120,568e60ce-519f-44ce-aa39-f7f0f2888a71,,,,
700_line_op_120_runout_pinion_system_____pilot_____,700_line,op_120,4dfe74c6-0025-474f-8af7-756b7febd2fc,,,,
700_line_op_120_gage_pinion_system_____operator_name____,700_line,op_120,c88e401f-be74-4312-b3f4-bcca43b1ab3b,,,,
700_line_op_120_runout_pinion_system_limit____pilot_min____,700_line,op_120,abb85098-d9bb-4bac-8f2f-ebd45cf8bf68,,,,
700_line_op_120_runout_pinion_system_limit____face_max____,700_line,op_120,9a8a6f8b-c2b1-44c2-a38e-c6740e739e68,,,,
700_line_op_120_runout_pinion_system_limit____composite_max____,700_line,op_120,4bc5acf6-919c-4386-b96c-1bff7a762bec,,,,
700_line_op_100_press_companion_flange_____pass/fail_____,700_line,op_100,ab8edbd7-f329-4223-a3fe-cb826c9f093f,,,,
700_line_op_110_preload_pinion_bearing_____operator_id____,700_line,op_110,4121fdce-97cf-451c-bdfd-4e9d3a6ac84d,,,,
700_line_op_110_preload_pinion_bearing_____login_name____,700_line,op_110,0c28838a-811b-47ba-aade-d75c2941215c,,,,
700_line_op_110_fastener_limit_____torque_pinion_nut_max___,700_line,op_110,65db957c-f8eb-4a6a-8571-93662d6a82e0,,,,
cd4_loop_1_op_1040_gage_pinion_system_____torque_pinion_brg_ttr_max_limit___,cd4_loop_1,op_1040,87460b40-d2e3-4244-9154-3654eb3b7e1b,,,,
cd4_loop_1_op_1060_gage_diff_assembly_____distance_rg_backface_to_pin_side_cone_min_limit___,cd4_loop_1,op_1060,f57d2b3c-569b-482f-8d2f-a8a11cf2945e,,,,
cd4_loop_1_op_1020_press_bearing_cone____force_lower_bearing_gear_side_min_limit__,cd4_loop_1,op_1020,9e47f7d8-11ef-4404-9fa9-5f65990acdbb,,,,
cd4_loop_1_op_1050_fastener_ring_gear_bolt_____torque_ring_gear_2____,cd4_loop_1,op_1050,83a469c4-7d0c-48fd-bc4a-b2a59d510972,,,,
cd4_loop_1_op_1050_fastener_ring_gear_bolt_____angle_ring_gear_10____,cd4_loop_1,op_1050,12fbd826-ea1f-4b86-8940-c5902871d2d1,,,,
cd4_loop_1_op_1050_fastener_ring_gear_bolt_____angle_ring_gear_3____,cd4_loop_1,op_1050,9e5fcb22-acdc-4651-9ae9-bd603f183fb8,,,,
cd4_loop_1_op_1050_fastener_ring_gear_bolt_____angle_ring_gear_2____,cd4_loop_1,op_1050,1c924a21-ea3d-4f52-aa3a-c1b452523984,,,,
cd4_loop_1_op_1030_press_head_bearing_cone_____initial_distance_max_limit____,cd4_loop_1,op_1030,75af73b3-bf97-4cd7-bfda-eabb90059a3a,,,,
cd4_loop_1_op_1030_press_head_bearing_cone_____distance_min_limit____,cd4_loop_1,op_1030,42136d87-ef39-42bf-a63d-cdfad6194510,,,,
cd4_loop_1_op_1100a_press_pinion_flange_____distance_pinion_flange_min_limit___,cd4_loop_1,op_1100a,0207d0ce-b2cf-44c3-8f50-b645c33ce19d,,,,
cd4_loop_1_op_1100a_press_pinion_seal_____distance_pinion_seal____,cd4_loop_1,op_1100a,1a4e657e-2728-464c-b865-b49c4b3d7663,,,,
cd4_loop_1_op_1090_installation_pinion_____load_actual____,cd4_loop_1,op_1090,1fea5aff-cf42-4b9c-85c9-e61072dcddd3,,,,
L14_Final_04_1_2,L14_Final,L14_Final_04,2f3c6e73-17c4-4c74-ae11-3e84ec80b8e6,,,,
as&c_1_op_220_measurement_pre_load_____load_for_torque_to_rotate_vgage_ttr_load___,as&c_1,op_220,83f70d89-ab7f-46fc-b957-1988cfea4d6a,,,,
as&c_1_op_230_press_diff_cup_____bottom_out_force_cover_side____,as&c_1,op_230,1f842931-5070-453b-a90f-0a0132099f23,,,,
as&c_1_op_230_press_diff_cup_____actual_shim_housing_side____,as&c_1,op_230,d9439619-1120-4cc3-8d88-3e8c84c9ed8a,,,,
as&c_1_op_060_pallet_load_carrier_and_cover_____mating_surface_to_shim_bearing_surface_cover____,as&c_1,op_060,592f813b-ad0d-48b9-b732-8e69f975b65e,,,,
as&c_1_op_270_rundown_cover_bolt_____torque_bolt_8____,as&c_1,op_270,05e243f3-a1f7-4810-a162-ec36300f6600,,,,
as&c_1_op_270_rundown_cover_bolt_____torque_bolt_5____,as&c_1,op_270,9e919201-088d-47f8-b8fc-aa8095d35bd4,,,,
as&c_1_op_270_rundown_cover_bolt_____angle_bolt_4____,as&c_1,op_270,d84f51f7-6fb7-404f-a4c2-2a483e12bd8c,,,,
as&c_1_op_200_press_ring_gear_and_diff_bearing_____mid_stroke_force_lower_bearing_max___,as&c_1,op_200,b7fbffc6-8724-458d-99d3-670cf8fa31b9,,,,
as&c_1_op_210_rundown_ring_gear_____angle_bolt_9____,as&c_1,op_210,ee5e42fc-7634-42de-9229-8ca9dee922f4,,,,
as&c_1_op_210_rundown_ring_gear_____angle_bolt_4____,as&c_1,op_210,3d44c6c2-548d-40bd-a3c5-481b5d7b8c37,,,,
as&c_1_op_080_gauge_pinion_head_height_____mean_load_during_measurement_height_1____,as&c_1,op_080,9bcdc152-c895-4a96-afb3-55b07ce65e8b,,,,
as&c_1_op_180_balance______magnitude_face_runout____,as&c_1,op_180,aeffc257-71f2-485d-8197-eb00d3b91479,,,,
as&c_1_op_180_balance______angle_hole_8____,as&c_1,op_180,5cb711cf-7728-4311-86bb-211e381f2697,,,,
as&c_1_op_340_nvh______fundamental_positive_150____,as&c_1,op_340,a4f7b36b-d214-4c15-8ec4-daa91863d05b,,,,
as&c_1_op_190_gauge_pinion_____torque_mean____,as&c_1,op_190,85476978-91c0-4cf2-b142-9f63e37b5451,,,,
as&c_1_op_280_gauge_backlash_____collet_slippage_____,as&c_1,op_280,19779d4f-04dc-4617-b524-e85a31996e55,,,,
700_line_op_120_preload_pinion_system_limit____torque_ttr_min___,700_line,op_120,cb38b169-762e-4037-9b0c-68bd0cd45940,,,,
700_line_op_100_press_companion_flange_____pallet_number_____,700_line,op_100,f36e4200-8652-4a2d-900f-7f4e97d1c055,,,,
700_line_op_100_press_companion_flange_____cycle_time_____,700_line,op_100,37088314-0b76-4ff0-a211-67d2c526b02f,,,,
700_line_op_110_preload_limit_____torque_torque_to_turn_max___,700_line,op_110,08ba74e5-2dc4-4efc-a28d-dde4b7e64a31,,,,
700_line_op_120_gage_pinion_system_____operator_id____,700_line,op_120,9fcec98f-2846-4fe3-b6eb-f0cbf5f3c17e,,,,
700_line_op_120_gage_pinion_system_____cycle_time_____,700_line,op_120,4c64d3bd-804e-48a9-9e05-46106ddb5b99,,,,
700_line_op_110_preload_pinion_bearing_____description_model_type____,700_line,op_110,ee0d44b1-4997-408c-939d-9767765cd174,,,,
cd4_loop_1_op_1060_gage_diff_assembly_____volume_head_bearing_graphite_target___,cd4_loop_1,op_1060,e6b43379-2e07-4047-858b-0d846f090f9d,,,,
cd4_loop_1_op_1060_gage_diff_assembly_____volume_head_bearing_graphite____,cd4_loop_1,op_1060,ae467de6-c9cf-43d8-8b93-97f72260678a,,,,
cd4_loop_1_op_1020_press_bearing_cone____distance_diff_bearing_pinion_side_max_limit__,cd4_loop_1,op_1020,57fb1a11-0274-413c-bb1a-53bd2a727e02,,,,
cd4_loop_1_op_1020_press_bearing_cone____force_diff_bearing_pinion_side_min_limit__,cd4_loop_1,op_1020,19579354-0f9c-4a7b-9b19-7325690851b9,,,,
cd4_loop_1_op_1020_press_ring_gear_____initial_force_ring_gear_min_limit___,cd4_loop_1,op_1020,e642215f-0268-4d12-b834-f00159b3fb11,,,,
cd4_loop_1_op_1020_press_ring_gear_____force_ring_gear____,cd4_loop_1,op_1020,4f2945ab-c570-4f1b-a194-4ab75d174c90,,,,
cd4_loop_1_op_1020_press_ring_gear_____initial_distance_ring_gear____,cd4_loop_1,op_1020,5b9290f1-c431-4a9a-be5b-5cae3f25fc26,,,,
cd4_loop_1_op_1020_gage_pinion_head____distance_pin_thrust_to_head____,cd4_loop_1,op_1020,698b28e5-04fe-4809-8cee-b6782d354a82,,,,
cd4_loop_1_op_1020_press_bearing_cone____force_diff_bearing_gear_side___,cd4_loop_1,op_1020,d1aa1d3d-d807-4bf5-9e54-797b066dd7f1,,,,
cd4_loop_1_op_1050_fastener_ring_gear_bolt_____angle_ring_gear_min_limit___,cd4_loop_1,op_1050,4c6d9cf3-830b-4d79-874d-a04e6e2354ac,,,,
cd4_loop_1_op_1050_fastener_ring_gear_bolt_____torque_ring_gear_1____,cd4_loop_1,op_1050,1f8b0524-652b-453e-9ce7-c3263ae6936d,,,,
cd4_loop_1_op_1030_press_head_bearing_cone_____force_min_limit____,cd4_loop_1,op_1030,ec388576-d39c-4aaa-a399-83df9dac25a5,,,,
cd4_loop_1_op_1100a_process_graphite_____sealant_dispense_target____,cd4_loop_1,op_1100a,6d5de54d-4023-4cee-a589-33de0bc3ef9c,,,,
cd4_loop_1_op_1100a_press_pinion_seal_____initial_distance_pinion_seal_max_limit___,cd4_loop_1,op_1100a,2eb9c354-c0fe-4433-8b0a-64b0e4929d83,,,,
cd4_loop_1_op_1100a_press_pinion_flange_____distance_pinion_flange_max_limit___,cd4_loop_1,op_1100a,27c02fb8-4400-451f-b08c-bdcb15d68333,,,,
cd4_loop_1_op_1100a_press_pinion_flange_____force_pinion_flange_min_limit___,cd4_loop_1,op_1100a,1c6db270-6fd3-4a12-ae99-40d124300a71,,,,
cd4_loop_1_op_1100a_press_pinion_flange_____initial_distance_pinion_flange_min_limit___,cd4_loop_1,op_1100a,fa8ca6f8-b4ba-4d16-9753-839d7258fe05,,,,
cd4_loop_1_op_1100a_press_collapsible_spacer_____crush_spacer_tolerance____,cd4_loop_1,op_1100a,28431e64-6da6-4cfe-9f0c-483a2c1d0f55,,,,
cd4_loop_1_op_1090_installation_pinion_____load_tolerance____,cd4_loop_1,op_1090,bf1f6e23-49f1-4672-8f5e-469b702040aa,,,,
as&c_1_op_300_rundown_damper_____torque_bolt_2____,as&c_1,op_300,c380366c-3334-418c-b646-c54add6021b6,,,,
as&c_1_op_300_rundown_damper_____angle_bolt_2____,as&c_1,op_300,bbff90fb-329b-47a1-9525-267eec3d7407,,,,
700_line_op_010_load______pass/fail_____,700_line,op_010,9c055e09-c8a9-4613-95ff-0ce6c5dbf1d1,,,,
700_line_op_510a_gage_cover_____distance_diff_bore_pinion___,700_line,op_510a,89ca9169-6f4a-4594-a229-cb8c2aee8b5c,,,,
700_line_op_510a_gage_carrier_/_cover_____distance_probe_16____,700_line,op_510a,ca021fcd-8af0-4dbb-868b-6dc666ef628b,,,,
700_line_op_510a_gage_carrier_/_cover_____bar_code_cover____,700_line,op_510a,2d8d65c8-c97f-43be-b36b-9e5570da13b8,,,,
700_line_op_510a_gage_carrier_____distance_pinion_center_line_to_diff_shim_seat_pinion_side_min__,700_line,op_510a,563b9d3e-05f7-4adc-a761-2154de7e8f97,,,,
700_line_op_510a_gage_carrier_____distance_split_face_to_shim_seat_pinion_max__,700_line,op_510a,27983263-173a-4ac4-ac6c-775d938db355,,,,
cd4_loop_1_op_1140a_runout_companion_flange_____runout_axial____,cd4_loop_1,op_1140a,465f4f87-e108-4920-9825-349942d83c26,,,,
cd4_loop_1_op_1140a_balance_companion_flange_____balance_final_min_limit___,cd4_loop_1,op_1140a,ade5b694-9b83-473b-8003-60d8d476a4bb,,,,
cd4_loop_1_op_1120_pinion_head_height_verification____distance_head_height_position_target___,cd4_loop_1,op_1120,6641667c-ae19-4e34-a83a-3a7b15bf2131,,,,
cd4_loop_1_op_1120_pinion_head_height_verification____distance_head_height_position_tolerance___,cd4_loop_1,op_1120,4a03f620-dc05-4bcc-97a7-d30150ab87c8,,,,
cd4_loop_1_op_1080_press_bearing_cup____distance_pinion_tail_max_limit___,cd4_loop_1,op_1080,dba48733-4b97-45d0-bb0a-5a2ae357db5d,,,,
cd4_loop_1_op_1080_press_bearing_cup____force_pinion_head_max_limit___,cd4_loop_1,op_1080,8af74886-67d8-4d1a-b9dd-08d912ae5494,,,,
cd4_loop_1_op_1080_press_bearing_cup____distance_pinion_head____,cd4_loop_1,op_1080,83dd1551-f461-40cf-bcaf-b52a1c0f455e,,,,
cd4_loop_1_op_1080_press_bearing_cup____initial_distance_pinion_head____,cd4_loop_1,op_1080,4d95f81d-84d6-40c8-bd43-7f4b2a083467,,,,
cd4_loop_1_op_1110a_preload_pinion_bearing_____torque_ptr_max_limit___,cd4_loop_1,op_1110a,841eb9c1-cda8-4734-9458-4ecb003cf601,,,,
cd4_loop_1_op_1110a_preload_pinion_bearing_____torque_ptr_min_limit___,cd4_loop_1,op_1110a,1dd15ff0-7ad2-40c0-8229-794261fbccd1,,,,
cd4_loop_1_op_1110a_preload_pinion_bearing_____torque_seal_drag_actual___,cd4_loop_1,op_1110a,3478d489-c226-4ef3-ae9a-0e53c3717db4,,,,
cd4_loop_1_op_1140b_balance_companion_flange_____runout_radial_min_limit___,cd4_loop_1,op_1140b,b609c584-916c-40f6-8437-6fb7735f4135,,,,
700_line_op_510a_gage_carrier_____distance_pinion_center_line_to_diff_shim_seat_pinion_side___,700_line,op_510a,cc6c3db6-819b-409d-ae8f-0bf8b7ea4f71,,,,
700_line_op_510a_gage_carrier_/_cover_____bar_code_housing____,700_line,op_510a,6e5c28bd-77a0-44e1-bada-2fcf3751cf0b,,,,
700_line_op_510a_gage_cover_____distance_diff_bore_pinion_max__,700_line,op_510a,ebfb1c43-691b-4adf-b603-dec63c0cc696,,,,
700_line_op_010_load______description_diff_type____,700_line,op_010,ff370ccc-b48d-42f1-bb82-baabe48bd6b9,,,,
700_line_op_510a_gage_carrier_/_cover_____distance_probe_5____,700_line,op_510a,cb48c8cf-191b-4b09-9454-780355536ff1,,,,
700_line_op_510a_gage_carrier_/_cover_____pass/fail_____,700_line,op_510a,92dc5b3d-c0dc-4f10-bd92-96e693971066,,,,
700_line_op_510a_gage_carrier_/_cover_____description_diff_type____,700_line,op_510a,c426d057-970b-43aa-8803-9c72f7491f1f,,,,
cd4_loop_1_op_1140a_balance_companion_flange_____runout_radial_max_limit___,cd4_loop_1,op_1140a,213fec57-e5e1-460c-a5cc-197388c40f68,,,,
cd4_loop_1_op_1140a_balance______pass/fail_____,cd4_loop_1,op_1140a,b1a1b2ff-a4dc-430a-97a7-fea0439c45a1,,,,
cd4_loop_1_op_1120_preload_pinion_bearing_verification____torque_ptr_min_limit___,cd4_loop_1,op_1120,1be31587-acdf-47df-a7cd-32b8cd2ecce7,,,,
cd4_loop_1_op_1080_press_bearing_cup____distance_pinion_tail____,cd4_loop_1,op_1080,d7bc1315-039a-4442-8715-24cd50f1df9e,,,,
cd4_loop_1_op_1070_install_pinion_shim_____distance_call_max_limit___,cd4_loop_1,op_1070,2d22cf1e-b471-423e-9dab-6394ceeeb6b6,,,,
cd4_loop_1_op_1070_install_pinion_shim_____distance_call_min_limit___,cd4_loop_1,op_1070,4a6d6113-91fc-4681-882b-856939091f87,,,,
cd4_loop_1_op_1070_install_pinion_shim_____distance_offset_actual___,cd4_loop_1,op_1070,b104cac2-3c47-48cd-aa03-96abf27bbad9,,,,
cd4_loop_1_op_1070_shim_pinion_____pass/fail_____,cd4_loop_1,op_1070,116a107e-85a6-4ed3-bbe1-f84977d257cd,,,,
cd4_loop_1_op_1110a_preload_pinion_bearing_____torque_pinion_nut_torque_max_limit___,cd4_loop_1,op_1110a,53156ec2-5946-4bdb-b6d2-fa6516ac0b59,,,,
cd4_loop_1_op_1110a_preload_pinion_bearing_____torque_pinion_nut_torque_actual___,cd4_loop_1,op_1110a,cb11de99-8930-44e8-bdee-e762dce36b6d,,,,
cd4_loop_1_op_1140b_balance_companion_flange_____balance_initial_min_limit___,cd4_loop_1,op_1140b,67a193a7-fa19-4c43-9a42-20b86563903e,,,,
cd4_loop_1_op_1140b_balance_companion_flange_____runout_axial_min_limit___,cd4_loop_1,op_1140b,8e1964a7-00b9-428a-862b-c3703f522d65,,,,
700_line_op_010_load______description_model_type____,700_line,op_010,93d7153a-f8a4-4b5a-88df-47b395089f8c,,,,
700_line_op_010_load______bar_code_housing____,700_line,op_010,c7f61e86-f29a-4c23-b9ee-f560f036459e,,,,
700_line_op_010_load______bar_code_diff_case____,700_line,op_010,9128b110-fdef-4345-96ea-5affba8b1613,,,,
700_line_op_510a_gage_carrier_____distance_diff_center_line_to_head_bearing_seat____,700_line,op_510a,779270e2-d9c2-4f78-ad78-e65315d80925,,,,
700_line_op_510a_gage_carrier_/_cover_____distance_pinion_center_line_to_diff_shim_seat_gear_side___,700_line,op_510a,c548faf2-9527-4500-85a4-e5cafe5bc289,,,,
700_line_op_510a_gage_carrier_/_cover_____distance_probe_18____,700_line,op_510a,0f944003-b689-42c7-b98a-0922211f2a2d,,,,
700_line_op_510a_gage_cover_____distance_split_face_to_shim_seat_gear_min__,700_line,op_510a,109d8c62-e392-4d36-ad91-4222e867ae57,,,,
700_line_op_510a_gage_carrier_____distance_max____,700_line,op_510a,fbdec51e-31cb-482a-9494-3fe21b6b37ad,,,,
700_line_op_510a_gage_carrier_/_cover_____distance_probe_10____,700_line,op_510a,74bb1f5d-ed2c-4248-bb0b-026aefd37d4c,,,,
700_line_op_510a_gage_carrier_/_cover_____distance_probe_12____,700_line,op_510a,03848043-7613-4454-b197-6a6540934e42,,,,
700_line_op_510a_gage_carrier_/_cover_____distance_probe_13____,700_line,op_510a,1775434b-1b7b-4e3a-800f-9bfd4a787505,,,,
700_line_op_510a_gage_carrier_/_cover_____cycle_time_____,700_line,op_510a,3ba896b0-5f69-465a-b4b8-09e8e7e82fa6,,,,
700_line_op_510a_gage_carrier_/_cover_____access_level_____,700_line,op_510a,a366e708-d656-4ccd-9980-fb6aad76ef0c,,,,
cd4_loop_1_op_1140a_runout_companion_flange_____runout_radial____,cd4_loop_1,op_1140a,858cb5b4-bd56-4770-8e2d-cc146c92ac59,,,,
cd4_loop_1_op_1140a_runout_companion_flange_____runout_composite____,cd4_loop_1,op_1140a,a1d00d55-80ca-4de9-9c1a-000703d69a1a,,,,
cd4_loop_1_op_1140a_balance_companion_flange_____runout_axial_max_limit___,cd4_loop_1,op_1140a,99631c85-645d-4eea-aaa2-57994909f83d,,,,
cd4_loop_1_op_1080_press_bearing_cup____distance_pinion_head_max_limit___,cd4_loop_1,op_1080,18117e21-2a00-4ee1-851c-080d136da7ec,,,,
cd4_loop_1_op_1080_press_bearing_cup____force_pinion_tail_min_limit___,cd4_loop_1,op_1080,c37fd406-470e-4406-855d-7fd8c45133fb,,,,
cd4_loop_1_op_1080_press_bearing_cup____distance_pinion_tail_min_limit___,cd4_loop_1,op_1080,3c66ed01-b03b-4c90-aac6-0661b46ec929,,,,
cd4_loop_1_op_1080_press_bearing_cup____initial_distance_pinion_tail_min_limit___,cd4_loop_1,op_1080,f71acbf3-574a-4eb5-abad-e76b49434d76,,,,
cd4_loop_1_op_1080_press_bearing_cup____initial_force_pinion_tail____,cd4_loop_1,op_1080,34abab9b-11cb-4296-a80e-5ee4ec016dbb,,,,
cd4_loop_1_op_1070_install_pinion_shim_____distance_calc_actual___,cd4_loop_1,op_1070,f3b6112c-10ad-47f5-96c5-4aef82907d78,,,,
cd4_loop_1_op_1140b_runout_companion_flange_____runout_axial____,cd4_loop_1,op_1140b,ea35a492-4247-40b6-b9a1-fb8233ca7ea4,,,,
cd4_loop_1_op_1140b_balance_companion_flange_____runout_composite_max_limit___,cd4_loop_1,op_1140b,90324003-32ab-4553-b901-404675e530c8,,,,
as&c_1_op_300_rundown_damper_____torque_bolt_4____,as&c_1,op_300,5b20a304-8db4-44ee-94a9-3720c2af5a36,,,,
700_line_op_510a_gage_cover_____distance_split_face_to_shim_seat_gear___,700_line,op_510a,7ff543f6-c8f3-45c5-a129-6db8f7b89214,,,,
700_line_op_510a_gage_cover_____distance_diff_bore_pinion_min__,700_line,op_510a,694138ce-0450-43b3-b9b8-efd1abd77afb,,,,
700_line_op_510a_gage_carrier_/_cover_____operator_name____,700_line,op_510a,2764a74f-c5d3-4e9f-b522-7c5100e27ea0,,,,
700_line_op_010_load______distance_j_dev____,700_line,op_010,7cb2adff-e17e-4d6f-aae4-00159ff83452,,,,
700_line_op_510a_gage_carrier_/_cover_____distance_probe_1____,700_line,op_510a,4a33c246-8e0e-4c43-8b43-198c203456c1,,,,
700_line_op_510a_gage_carrier_/_cover_____description_model_type____,700_line,op_510a,e7797e67-9111-46cc-a762-81a5b0ba5584,,,,
cd4_loop_1_op_1140a_balance_companion_flange_____runout_composite_max_limit___,cd4_loop_1,op_1140a,4335f5b3-5c39-4c22-8887-a44159952884,,,,
cd4_loop_1_op_1120_gage_pinion_____pass/fail_____,cd4_loop_1,op_1120,e6f3d44f-ef3b-45a1-8e12-31e524cc1639,,,,
cd4_loop_1_op_1080_press_bearing_cup____initial_force_pinion_head_min_limit___,cd4_loop_1,op_1080,b7c71e2e-9b38-4354-9885-c4d6fd618027,,,,
cd4_loop_1_op_1070_install_pinion_shim_____distance_offset_max_limit___,cd4_loop_1,op_1070,ede58584-b5a2-48bb-9459-b1c928a7cb2c,,,,
cd4_loop_1_op_1070_install_pinion_shim_____distance_calc_max_limit___,cd4_loop_1,op_1070,713ebab7-f49e-4bfb-95e6-6c3970e09959,,,,
cd4_loop_1_op_1110a_preload_pinion_bearing_____pass/fail_____,cd4_loop_1,op_1110a,e78474ca-483f-4d0f-a3c6-d174acb86bb4,,,,
cd4_loop_1_op_1140b_balance_companion_flange_____balance_final_min_limit___,cd4_loop_1,op_1140b,4b07020e-bc7e-4aa6-8d51-0ede5eeba7bb,,,,
cd4_loop_1_op_1140b_balance_companion_flange_____balance_final____,cd4_loop_1,op_1140b,b577920c-6767-48b0-9405-f5b58d9313ba,,,,
as&c_1_op_300_rundown_damper_____torque_bolt_3____,as&c_1,op_300,6a6b0428-9d18-4913-bbb0-a49b5315b223,,,,
as&c_1_op_300_rundown_damper_____torque_bolt_1____,as&c_1,op_300,e2b8779b-87aa-4042-b490-a8fee69415a5,,,,
700_line_op_510a_gage_carrier_____distance_diff_bore_gear___,700_line,op_510a,6341ee1b-5b82-4398-8c6b-c34e2b151252,,,,
700_line_op_510a_gage_carrier_/_cover_____distance_probe_14____,700_line,op_510a,2faeed21-5fc1-42ac-9d68-70afa981561f,,,,
700_line_op_510a_gage_carrier_/_cover_____distance_probe_15____,700_line,op_510a,05096a77-7ef2-4cd3-beb0-c92670fd7135,,,,
700_line_op_510a_gage_carrier_/_cover_____distance_probe_17____,700_line,op_510a,0dfb4b04-0a83-46b7-bc72-d70881976100,,,,
700_line_op_510a_gage_carrier_/_cover_____distance_pinion_center_line_to_diff_shim_seat_gear_side_min__,700_line,op_510a,0c1f6e06-04a8-4b4a-82ce-b6d444446aaa,,,,
700_line_op_510a_gage_cover_____distance_split_face_to_shim_seat_gear_max__,700_line,op_510a,59aa2b0c-f879-4ce2-beb6-b81dd1f64c52,,,,
700_line_op_010_load______login_name____,700_line,op_010,87a582ae-e10c-4e2c-b656-84ff4e48f734,,,,
700_line_op_010_load______cycle_time_____,700_line,op_010,d212361e-c0b7-49a9-931c-640ec62cd7fe,,,,
700_line_op_510a_gage_carrier_/_cover_____distance_probe_9____,700_line,op_510a,0c7ae63e-d9c9-4fd9-9f86-faf6b92da313,,,,
700_line_op_510a_gage_carrier_/_cover_____distance_probe_11____,700_line,op_510a,d7c2a212-29c4-4748-988f-31e1f50c4508,,,,
700_line_op_510a_gage_carrier_/_cover_____pallet_number_____,700_line,op_510a,8d356e1b-49da-45d2-b7da-f89ad54c9cf9,,,,
cd4_loop_1_op_1140a_balance_companion_flange_____runout_axial_min_limit___,cd4_loop_1,op_1140a,251ae191-a0a4-4cfa-9921-894fb685ae36,,,,
cd4_loop_1_op_1080_press_bearing_cup____initial_force_pinion_head_max_limit___,cd4_loop_1,op_1080,844862dd-9d49-468e-b133-564a02b45070,,,,
cd4_loop_1_op_1080_press_bearing_cup____force_pinion_tail____,cd4_loop_1,op_1080,b664fc39-0971-4e6f-a992-f66c14c45164,,,,
cd4_loop_1_op_1070_install_pinion_shim_____distance_verify_tolerance___,cd4_loop_1,op_1070,7c6d0e8b-bb97-4099-ae08-918bf2754ded,,,,
cd4_loop_1_op_1070_install_pinion_shim_____distance_verify_actual___,cd4_loop_1,op_1070,8af84ac9-e1e8-49d7-baf7-69253bd4c4d2,,,,
cd4_loop_1_op_1070_install_pinion_shim_____distance_call_actual___,cd4_loop_1,op_1070,1f2974cd-26dd-42ea-ab4a-6a6a48f9ea0d,,,,
cd4_loop_1_op_1110a_preload_pinion_bearing_____torque_ptr_actual___,cd4_loop_1,op_1110a,0a6d932e-4e9b-4fe6-8634-8eb49b292db3,,,,
cd4_loop_1_op_1140b_runout_companion_flange_____runout_radial____,cd4_loop_1,op_1140b,5756270f-2ec5-4458-a9d1-a34bf8e50628,,,,
cd4_loop_1_op_1140b_runout_companion_flange_____runout_composite____,cd4_loop_1,op_1140b,9e97da24-f042-4d21-9d9a-aae601aa1cf4,,,,
cd4_loop_1_op_1140b_balance_companion_flange_____balance_final_max_limit___,cd4_loop_1,op_1140b,05424b88-c515-4f84-8a13-a61980a0182a,,,,
cd4_loop_1_op_1140b_balance_companion_flange_____runout_axial_max_limit___,cd4_loop_1,op_1140b,13776f9b-9b63-43c3-b190-1a6bb221c48f,,,,
cd4_loop_1_op_1140b_balance______pass/fail_____,cd4_loop_1,op_1140b,5605a4d6-2c0c-494e-9583-314a9f2bdfad,,,,
700_line_op_510a_gage_carrier_____distance_split_face_to_shim_seat_pinion_min__,700_line,op_510a,5bb5d9c6-ee1e-4767-8443-061fa328e208,,,,
700_line_op_510a_gage_carrier_____distance_min____,700_line,op_510a,79e52c26-0e4c-4fa9-8bf9-2206b169150b,,,,
cd4_loop_1_op_1140a_balance_companion_flange_____balance_initial_max_limit___,cd4_loop_1,op_1140a,49e1d4da-c8d4-42c3-a6fa-048ed1739080,,,,
cd4_loop_1_op_1140a_balance_companion_flange_____balance_initial_min_limit___,cd4_loop_1,op_1140a,2d6cc2a3-5761-470e-acc3-acfa0fa4f19a,,,,
cd4_loop_1_op_1140a_balance_companion_flange_____runout_composite_min_limit___,cd4_loop_1,op_1140a,ffa2b68a-3f96-4b7c-95f5-0dd82d994cd1,,,,
cd4_loop_1_op_1120_preload_pinion_bearing_verification____torque_ptr_max_limit___,cd4_loop_1,op_1120,7e1ef3e7-62db-495a-b750-f428ba1d4a72,,,,
cd4_loop_1_op_1080_press_bearing_cup____initial_force_pinion_tail_max_limit___,cd4_loop_1,op_1080,a0623f69-769f-40a8-ab98-c6eeeb7a6fe2,,,,
cd4_loop_1_op_1080_press_bearing_cup____initial_distance_pinion_tail_max_limit___,cd4_loop_1,op_1080,0975f047-6ab8-4930-a3bd-fceb5241a567,,,,
cd4_loop_1_op_1080_press_bearing_cup____initial_distance_pinion_tail____,cd4_loop_1,op_1080,5519e2c6-7d7b-4f37-a789-5820e50353bc,,,,
cd4_loop_1_op_1070_install_pinion_shim_____distance_verify_target___,cd4_loop_1,op_1070,95894d99-57b4-4bf3-8505-a78bd27722ff,,,,
cd4_loop_1_op_1110a_preload_pinion_bearing_____torque_seal_drag_min_limit___,cd4_loop_1,op_1110a,7230bc52-c126-48fa-956f-35d0438d627c,,,,
cd4_loop_1_op_1110a_preload_pinion_bearing_____torque_pinion_nut_torque_min_limit___,cd4_loop_1,op_1110a,a8281518-5435-41a4-bd9b-072289b68193,,,,
as&c_1_op_300_rundown_damper_____angle_bolt_4____,as&c_1,op_300,a55704f8-e443-4b43-ad75-25d56b8b5eab,,,,
700_line_op_010_load______pallet_number_____,700_line,op_010,590c94fc-4c9e-49db-afea-3f3663a133be,,,,
700_line_op_010_load______bar_code_cover____,700_line,op_010,2192e195-c91f-44c3-970e-351ee68739f3,,,,
700_line_op_010_load______bar_code_pinion____,700_line,op_010,3fa4c2d8-de29-4ad0-a577-2f7b0b0bdca7,,,,
700_line_op_510a_gage_carrier_____distance_split_face_to_shim_seat_pinion___,700_line,op_510a,c08ad6ce-441a-4213-bb2f-d63ec7b1bd15,,,,
700_line_op_510a_gage_carrier_____distance_pinion_bore_diameter____,700_line,op_510a,0778a637-3df7-4c7e-9299-5d3b42ca698e,,,,
700_line_op_510a_gage_carrier_____distance_diff_bore_gear_min__,700_line,op_510a,ebdf0517-4a21-458c-983c-4a4ef9ba635f,,,,
700_line_op_010_load______access_level_____,700_line,op_010,632159e7-327e-429d-8740-c759e9bd8ad9,,,,
700_line_op_510a_gage_carrier_/_cover_____distance_probe_4____,700_line,op_510a,280d18f6-f7ec-4303-afdd-d04a12cbb17c,,,,
700_line_op_510a_gage_carrier_/_cover_____distance_probe_6____,700_line,op_510a,c1c12418-75fa-4f0a-81c9-d509635115ac,,,,
700_line_op_510a_gage_carrier_/_cover_____distance_probe_8____,700_line,op_510a,4fa98b93-0618-4103-a7f4-205f3bb865b2,,,,
700_line_op_510a_gage_carrier_/_cover_____login_name____,700_line,op_510a,e98b88c3-619a-495a-9201-96100e7e174f,,,,
cd4_loop_1_op_1140a_balance_companion_flange_____balance_final_max_limit___,cd4_loop_1,op_1140a,19681203-7362-46a0-9f1e-3eb05a9cd939,,,,
cd4_loop_1_op_1140a_balance_companion_flange_____runout_radial_min_limit___,cd4_loop_1,op_1140a,f5203e69-99f3-4372-ace0-d4b1b9675724,,,,
cd4_loop_1_op_1140a_balance_companion_flange_____balance_initial____,cd4_loop_1,op_1140a,fe56ce18-fbdd-44d6-b012-2e2687057a21,,,,
cd4_loop_1_op_1080_press_bearing_cup____force_pinion_tail_max_limit___,cd4_loop_1,op_1080,8ea118cf-1624-44da-8b8f-5c650ac5d856,,,,
cd4_loop_1_op_1080_press_bearing_cup____initial_distance_pinion_head_max_limit___,cd4_loop_1,op_1080,7e350b3b-9817-409c-9970-d7b66be686ef,,,,
cd4_loop_1_op_1080_press_bearing_cup____force_pinion_head_min_limit___,cd4_loop_1,op_1080,205fe888-19b1-4b69-8cee-2bec4795f7c2,,,,
cd4_loop_1_op_1080_press_bearing_cup____distance_pinion_head_min_limit___,cd4_loop_1,op_1080,b3bc6e9e-6a9a-4281-95f5-27d25394fe22,,,,
cd4_loop_1_op_1080_press_bearing_cup____force_pinion_head____,cd4_loop_1,op_1080,7f26103f-9202-4cc0-a417-bc32bc59541c,,,,
cd4_loop_1_op_1080_press_bearing_cup_____pass/fail_____,cd4_loop_1,op_1080,05c757f9-760d-4350-9680-8c7df3307dab,,,,
cd4_loop_1_op_1070_install_pinion_shim_____distance_calc_min_limit___,cd4_loop_1,op_1070,b7f2fe8e-668e-4fba-aa60-8cac5d0677aa,,,,
cd4_loop_1_op_1110a_preload_pinion_bearing_____torque_seal_drag_max_limit___,cd4_loop_1,op_1110a,19670238-b689-4e48-826a-b35846f57395,,,,
cd4_loop_1_op_1140b_balance_companion_flange_____runout_composite_min_limit___,cd4_loop_1,op_1140b,a4b28709-20fd-4352-95cf-3f539ff3a4eb,,,,
cd4_loop_1_op_1140b_balance_companion_flange_____balance_initial____,cd4_loop_1,op_1140b,731696bd-8e79-45e3-a8ba-15eb098bb63c,,,,
as&c_1_op_300_rundown_damper_____angle_bolt_3____,as&c_1,op_300,03a26b8f-668b-48e2-bc6b-943053701dec,,,,
as&c_1_op_300_rundown_damper_____angle_bolt_1____,as&c_1,op_300,7ea1bf1c-a9e3-4b7b-a668-f67ecd4e1f36,,,,
700_line_op_510a_gage_carrier_____distance_pinion_center_line_to_diff_shim_seat_pinion_side_max__,700_line,op_510a,aad963a6-2c2b-4a75-9437-f49afeb201b3,,,,
700_line_op_510a_gage_carrier_/_cover_____distance_pinion_center_line_to_diff_shim_seat_gear_side_max__,700_line,op_510a,b04f3837-a136-448b-bb91-fd565cfd2f27,,,,
700_line_op_510a_gage_carrier_____distance_diff_bore_gear_max__,700_line,op_510a,d50f525b-2cda-4d9a-9723-9f01b7b1e7c2,,,,
700_line_op_510a_gage_carrier_/_cover_____operator_id____,700_line,op_510a,4179cae0-0781-49a4-93e8-2f7b4b3b14ef,,,,
700_line_op_010_load______distance_h_dev____,700_line,op_010,79b1be33-4f38-437b-8adc-7b887d0c10bc,,,,
700_line_op_510a_gage_carrier_/_cover_____distance_probe_2____,700_line,op_510a,9ef7611f-d2f1-4184-9b45-bef90e70a11f,,,,
700_line_op_510a_gage_carrier_/_cover_____distance_probe_3____,700_line,op_510a,47d74b3b-da72-4290-9296-fc1bc8ef26c9,,,,
700_line_op_510a_gage_carrier_/_cover_____distance_probe_7____,700_line,op_510a,f736e426-8497-4c30-8c11-5489bd291ff4,,,,
700_line_op_510a_gage_carrier_/_cover_____login_id____,700_line,op_510a,34d00bc3-b647-49ac-91bf-c749ab213ce5,,,,
cd4_loop_1_op_1140a_balance_companion_flange_____balance_final____,cd4_loop_1,op_1140a,68f1b158-19bc-4966-8fdd-41fcc00c699a,,,,
cd4_loop_1_op_1120_preload_pinion_bearing_verification____torque_ptr_actual___,cd4_loop_1,op_1120,13506479-77d9-4b4e-ad7b-48aaf8c883f1,,,,
cd4_loop_1_op_1120_pinion_head_height_verification____distance_head_height_position_actual___,cd4_loop_1,op_1120,df1d3903-b287-446f-997f-6ec063b30e1b,,,,
cd4_loop_1_op_1080_press_bearing_cup____initial_force_pinion_tail_min_limit___,cd4_loop_1,op_1080,30dd2bd6-b3f8-4eeb-b683-29d3bbad24fb,,,,
cd4_loop_1_op_1080_press_bearing_cup____initial_distance_pinion_head_min_limit___,cd4_loop_1,op_1080,a3bf919b-0519-4d18-806c-0c9dbdad7df1,,,,
cd4_loop_1_op_1080_press_bearing_cup____initial_force_pinion_head____,cd4_loop_1,op_1080,7ac5fba0-3e37-4d7c-831a-be34f6b3cd77,,,,
cd4_loop_1_op_1070_install_pinion_shim_____distance_offset_min_limit___,cd4_loop_1,op_1070,d201da9b-b1b0-4e8b-87e0-b16bade38c7b,,,,
cd4_loop_1_op_1140b_balance_companion_flange_____runout_radial_max_limit___,cd4_loop_1,op_1140b,655a71ca-afb5-4967-abdc-744ef50b2751,,,,
cd4_loop_1_op_1140b_balance_companion_flange_____balance_initial_max_limit___,cd4_loop_1,op_1140b,1fa144a9-7700-406c-9c89-3b3fc58a71a7,,,,
cd4_loop_1_op_1110b_preload_pinion_bearing_____torque_pinion_nut_torque_actual___,cd4_loop_1,op_1110b,a3ca0f76-36e8-4b64-8fad-8cab50851122,,,,
cd4_loop_1_op_1110b_preload_pinion_bearing_____pass/fail_____,cd4_loop_1,op_1110b,55a66df4-d286-410f-a12f-e08f92bf690e,,,,
cd4_loop_1_op_1100b_press_pinion_seal_____initial_distance_pinion_seal____,cd4_loop_1,op_1100b,b16f49cb-c22b-47db-a0bf-4802de7c2f9f,,,,
L14_Core_03_1_10,L14_Core,L14_Core_03,17a1d66b-4395-4eba-a079-b74b67becb05,,,,
cd4_loop_1_op_1110b_preload_pinion_bearing_____torque_ptr_actual___,cd4_loop_1,op_1110b,d40a6c7a-1008-4e4c-aea6-a70f04675e03,,,,
cd4_loop_1_op_1100b_press_pinion_flange_____force_pinion_flange_min_limit___,cd4_loop_1,op_1100b,47cbbe28-72da-4321-9b3a-4f7d9eae7e7b,,,,
cd4_loop_1_op_1100b_press_pinion_flange_____distance_pinion_flange_min_limit___,cd4_loop_1,op_1100b,2db7e6ea-9762-4809-8e88-2dec9c63477c,,,,
cd4_loop_1_op_1100b_press_pinion_flange_____distance_pinion_flange____,cd4_loop_1,op_1100b,44a235bb-1b25-443f-a717-f98a9f77a528,,,,
cd4_loop_1_op_1110b_preload_pinion_bearing_____torque_ptr_min_limit___,cd4_loop_1,op_1110b,00b1ea0f-1552-40ed-b296-7d5b03b941fa,,,,
cd4_loop_1_op_1100b_press_pinion_seal_____force_pinion_seal_min_limit___,cd4_loop_1,op_1100b,f881a196-b99f-4052-acd0-38162e16d9e7,,,,
cd4_loop_1_op_1100b_press_pinion_seal_____force_pinion_seal____,cd4_loop_1,op_1100b,d660b2ad-26cd-475b-a79f-64bfc8b5184f,,,,
cd4_loop_1_op_1100b_press_pinion_flange_____initial_force_pinion_flange____,cd4_loop_1,op_1100b,f5170f84-2cdf-4099-a296-ef536fcaca1e,,,,
cd4_loop_1_op_1110b_preload_pinion_bearing_____torque_seal_drag_max_limit___,cd4_loop_1,op_1110b,6c9bd0f2-65a4-4b80-81f7-e7aea48d7db4,,,,
cd4_loop_1_op_1110b_preload_pinion_bearing_____torque_pinion_nut_torque_max_limit___,cd4_loop_1,op_1110b,509c28e9-2098-4675-ab57-74239c6b3e9a,,,,
cd4_loop_1_op_1110b_preload_pinion_bearing_____torque_seal_drag_actual___,cd4_loop_1,op_1110b,e3d19012-aa34-4fce-9f5b-0e922b6e8f15,,,,
cd4_loop_1_op_1100b_press_pinion_flange_____initial_distance_pinion_flange_max_limit___,cd4_loop_1,op_1100b,360428ba-3202-4fc1-beb0-7fba082dcee9,,,,
cd4_loop_1_op_1100b_press_pinion_seal_____initial_force_pinion_seal_min_limit___,cd4_loop_1,op_1100b,f77da7df-599d-4400-aded-cedc3a1944a3,,,,
cd4_loop_1_op_1100b_press_pinion_seal_____initial_distance_pinion_seal_min_limit___,cd4_loop_1,op_1100b,1c431de9-f791-4797-b434-8d592a2939e1,,,,
cd4_loop_1_op_1100b_press_pinion_flange_____initial_distance_pinion_flange_min_limit___,cd4_loop_1,op_1100b,1ac04816-2424-4212-ae87-5acad664b549,,,,
cd4_loop_1_op_1110b_preload_pinion_bearing_____torque_pinion_nut_torque_min_limit___,cd4_loop_1,op_1110b,91680d09-5b85-4a36-9e42-ea3c2413c583,,,,
cd4_loop_1_op_1100b_process_graphite_____graphite_dispense_____,cd4_loop_1,op_1100b,8b2b1bc0-c7a8-42eb-ba63-67eccff76100,,,,
cd4_loop_1_op_1100b_press_pinion_seal_____initial_force_pinion_seal____,cd4_loop_1,op_1100b,0586c163-81bc-4560-8adb-a922436fc9a2,,,,
cd4_loop_1_op_1100b_press_pinion_____pass/fail_____,cd4_loop_1,op_1100b,cf780742-595c-4c22-9392-217da3c98a36,,,,
cd4_loop_1_op_1110b_preload_pinion_bearing_____torque_seal_drag_min_limit___,cd4_loop_1,op_1110b,ccaa0f1d-a09a-4c00-9519-73594be457aa,,,,
cd4_loop_1_op_1100b_press_pinion_seal_____initial_force_pinion_seal_max_limit___,cd4_loop_1,op_1100b,ce62fd83-180a-4b3e-9096-db5ca809c165,,,,
cd4_loop_1_op_1100b_process_graphite_____graphite_dispense_tolerance____,cd4_loop_1,op_1100b,de238392-cef5-48d4-84be-56d2a0267cd1,,,,
cd4_loop_1_op_1100b_press_pinion_flange_____initial_force_pinion_flange_min_limit___,cd4_loop_1,op_1100b,0dac7489-9446-4b1b-aa04-5d030685dc85,,,,
cd4_loop_1_op_1100b_press_pinion_flange_____force_pinion_flange____,cd4_loop_1,op_1100b,a4ce4361-8ef2-4533-b036-47ea9ac19b59,,,,
cd4_loop_1_op_1110b_preload_pinion_bearing_____torque_ptr_max_limit___,cd4_loop_1,op_1110b,1dff946e-e119-49b7-bad8-e7ff1d5844b9,,,,
cd4_loop_1_op_1100b_process_graphite_____sealant_dispense_target____,cd4_loop_1,op_1100b,b71f2602-f95b-4570-bb1e-8698b5f7718e,,,,
cd4_loop_1_op_1100b_press_pinion_seal_____force_pinion_seal_max_limit___,cd4_loop_1,op_1100b,1c8e0234-e9fa-461c-ba80-cb459b89506f,,,,
cd4_loop_1_op_1100b_press_pinion_flange_____distance_pinion_flange_max_limit___,cd4_loop_1,op_1100b,b9a602a7-e38e-4cea-bfcc-dcdb4f7a44af,,,,
cd4_loop_1_op_1100b_press_pinion_seal_____distance_pinion_seal____,cd4_loop_1,op_1100b,4042cca5-d686-4549-9cda-ee70b8816063,,,,
cd4_loop_1_op_1100b_press_collapsible_spacer_____crush_spacer_____,cd4_loop_1,op_1100b,01bf039e-9e6b-411f-b05f-6d01c9553ae3,,,,
cd4_loop_1_op_1100b_press_pinion_seal_____distance_pinion_seal_max_limit___,cd4_loop_1,op_1100b,ef2e0609-be07-4349-bbe6-de264cfc03af,,,,
cd4_loop_1_op_1100b_press_pinion_seal_____initial_distance_pinion_seal_max_limit___,cd4_loop_1,op_1100b,44526362-d32f-4e5f-9485-0bcea3a24874,,,,
cd4_loop_1_op_1100b_press_pinion_flange_____force_pinion_flange_max_limit___,cd4_loop_1,op_1100b,59eb873c-287c-4d63-83d9-841b40c02f2d,,,,
cd4_loop_1_op_1100b_press_pinion_flange_____initial_force_pinion_flange_max_limit___,cd4_loop_1,op_1100b,5d8075dd-953e-4809-8a42-c98ff946a9f5,,,,
cd4_loop_1_op_1100b_press_collapsible_spacer_____crush_spacer_target____,cd4_loop_1,op_1100b,56f89ac3-f157-4a80-a5fd-e3c588371c7b,,,,
cd4_loop_1_op_1100b_press_pinion_seal_____distance_pinion_seal_min_limit___,cd4_loop_1,op_1100b,6634800d-4f62-4530-adc3-9d4e0c6c8b78,,,,
cd4_loop_1_op_1100b_press_collapsible_spacer_____crush_spacer_tolerance____,cd4_loop_1,op_1100b,8035a18f-c56a-4c7e-86a4-8950be14c437,,,,
cd4_loop_1_op_1100b_press_pinion_flange_____initial_distance_pinion_flange____,cd4_loop_1,op_1100b,f0bc5e6c-4cbb-4cb2-8194-e8d592c5467b,,,,
